sampleID,Sample_Plate,Sample_Well,I7_Index_ID,index,I5_Index_ID,index2,Sample_Project,gtseq_run,id,pop,reference
10-0212,BFAL_bycatch_plate1,A01,GTseq_i7_i03,GCCTAA,AAACGG,AAACGG,BFAL,gtseq5,s1,NA,NA
10-0227,BFAL_bycatch_plate1,B01,GTseq_i7_i03,GCCTAA,ACTCTT,ACTCTT,BFAL,gtseq5,s2,NA,NA
10-0231,BFAL_bycatch_plate1,C01,GTseq_i7_i03,GCCTAA,ATTCCG,ATTCCG,BFAL,gtseq5,s3,NA,NA
10-0233,BFAL_bycatch_plate1,D01,GTseq_i7_i03,GCCTAA,CGAGGC,CGAGGC,BFAL,gtseq5,s4,NA,NA
10-0461,BFAL_bycatch_plate1,E01,GTseq_i7_i03,GCCTAA,GAAATG,GAAATG,BFAL,gtseq5,s5,NA,NA
10-0462,BFAL_bycatch_plate1,F01,GTseq_i7_i03,GCCTAA,GGACTT,GGACTT,BFAL,gtseq5,s6,NA,NA
10-0463,BFAL_bycatch_plate1,G01,GTseq_i7_i03,GCCTAA,TAAGCT,TAAGCT,BFAL,gtseq5,s7,NA,NA
15-0462,BFAL_bycatch_plate1,H01,GTseq_i7_i03,GCCTAA,TCTTCT,TCTTCT,BFAL,gtseq5,s8,NA,NA
15-0463,BFAL_bycatch_plate1,A02,GTseq_i7_i03,GCCTAA,AACGTT,AACGTT,BFAL,gtseq5,s9,NA,NA
15-0466,BFAL_bycatch_plate1,B02,GTseq_i7_i03,GCCTAA,ACTGGC,ACTGGC,BFAL,gtseq5,s10,NA,NA
15-0467,BFAL_bycatch_plate1,C02,GTseq_i7_i03,GCCTAA,CAAAAA,CAAAAA,BFAL,gtseq5,s11,NA,NA
15-0471,BFAL_bycatch_plate1,D02,GTseq_i7_i03,GCCTAA,CGCAGA,CGCAGA,BFAL,gtseq5,s12,NA,NA
15-0472,BFAL_bycatch_plate1,E02,GTseq_i7_i03,GCCTAA,GAACCA,GAACCA,BFAL,gtseq5,s13,NA,NA
15-0475,BFAL_bycatch_plate1,F02,GTseq_i7_i03,GCCTAA,GGCAAG,GGCAAG,BFAL,gtseq5,s14,NA,NA
15-0477,BFAL_bycatch_plate1,G02,GTseq_i7_i03,GCCTAA,TAATTC,TAATTC,BFAL,gtseq5,s15,NA,NA
15-0478,BFAL_bycatch_plate1,H02,GTseq_i7_i03,GCCTAA,TGAACC,TGAACC,BFAL,gtseq5,s16,NA,NA
15-0480,BFAL_bycatch_plate1,A03,GTseq_i7_i03,GCCTAA,AACTGA,AACTGA,BFAL,gtseq5,s17,NA,NA
15-0481,BFAL_bycatch_plate1,B03,GTseq_i7_i03,GCCTAA,AGCCAT,AGCCAT,BFAL,gtseq5,s18,NA,NA
15-0482,BFAL_bycatch_plate1,C03,GTseq_i7_i03,GCCTAA,CAATCG,CAATCG,BFAL,gtseq5,s19,NA,NA
15-0485,BFAL_bycatch_plate1,D03,GTseq_i7_i03,GCCTAA,CGCGTG,CGCGTG,BFAL,gtseq5,s20,NA,NA
15-0486,BFAL_bycatch_plate1,E03,GTseq_i7_i03,GCCTAA,GACGAC,GACGAC,BFAL,gtseq5,s21,NA,NA
15-0488,BFAL_bycatch_plate1,F03,GTseq_i7_i03,GCCTAA,GGGCGC,GGGCGC,BFAL,gtseq5,s22,NA,NA
15-0490,BFAL_bycatch_plate1,G03,GTseq_i7_i03,GCCTAA,TACACA,TACACA,BFAL,gtseq5,s23,NA,NA
15-0491,BFAL_bycatch_plate1,H03,GTseq_i7_i03,GCCTAA,TGACAA,TGACAA,BFAL,gtseq5,s24,NA,NA
16-0049,BFAL_bycatch_plate1,A04,GTseq_i7_i03,GCCTAA,AAGACG,AAGACG,BFAL,gtseq5,s25,NA,NA
16-0174,BFAL_bycatch_plate1,B04,GTseq_i7_i03,GCCTAA,AGCGCA,AGCGCA,BFAL,gtseq5,s26,NA,NA
16-0176,BFAL_bycatch_plate1,C04,GTseq_i7_i03,GCCTAA,CACCTC,CACCTC,BFAL,gtseq5,s27,NA,NA
16-0177,BFAL_bycatch_plate1,D04,GTseq_i7_i03,GCCTAA,CGGTCC,CGGTCC,BFAL,gtseq5,s28,NA,NA
16-0183,BFAL_bycatch_plate1,E04,GTseq_i7_i03,GCCTAA,GACTCT,GACTCT,BFAL,gtseq5,s29,NA,NA
16-0184,BFAL_bycatch_plate1,F04,GTseq_i7_i03,GCCTAA,GGGGCG,GGGGCG,BFAL,gtseq5,s30,NA,NA
16-0223,BFAL_bycatch_plate1,G04,GTseq_i7_i03,GCCTAA,TACGGG,TACGGG,BFAL,gtseq5,s31,NA,NA
16-0224,BFAL_bycatch_plate1,H04,GTseq_i7_i03,GCCTAA,TGCCCG,TGCCCG,BFAL,gtseq5,s32,NA,NA
16-0228,BFAL_bycatch_plate1,A05,GTseq_i7_i03,GCCTAA,AAGCTA,AAGCTA,BFAL,gtseq5,s33,NA,NA
16-0315,BFAL_bycatch_plate1,B05,GTseq_i7_i03,GCCTAA,AGGGTC,AGGGTC,BFAL,gtseq5,s34,NA,NA
16-0316,BFAL_bycatch_plate1,C05,GTseq_i7_i03,GCCTAA,CAGGCA,CAGGCA,BFAL,gtseq5,s35,NA,NA
16-0317,BFAL_bycatch_plate1,D05,GTseq_i7_i03,GCCTAA,CGTCTA,CGTCTA,BFAL,gtseq5,s36,NA,NA
16-0318,BFAL_bycatch_plate1,E05,GTseq_i7_i03,GCCTAA,GAGAGA,GAGAGA,BFAL,gtseq5,s37,NA,NA
16-0319,BFAL_bycatch_plate1,F05,GTseq_i7_i03,GCCTAA,GGTACA,GGTACA,BFAL,gtseq5,s38,NA,NA
16-0320,BFAL_bycatch_plate1,G05,GTseq_i7_i03,GCCTAA,TAGTAT,TAGTAT,BFAL,gtseq5,s39,NA,NA
15-0213,BFAL_bycatch_plate1,H05,GTseq_i7_i03,GCCTAA,TGCTTA,TGCTTA,BFAL,gtseq5,s40,NA,NA
15-0214,BFAL_bycatch_plate1,A06,GTseq_i7_i03,GCCTAA,AATATC,AATATC,BFAL,gtseq5,s41,NA,NA
15-0215,BFAL_bycatch_plate1,B06,GTseq_i7_i03,GCCTAA,AGGTGT,AGGTGT,BFAL,gtseq5,s42,NA,NA
15-0217,BFAL_bycatch_plate1,C06,GTseq_i7_i03,GCCTAA,CATACT,CATACT,BFAL,gtseq5,s43,NA,NA
15-0218,BFAL_bycatch_plate1,D06,GTseq_i7_i03,GCCTAA,CGTGAT,CGTGAT,BFAL,gtseq5,s44,NA,NA
15-0219,BFAL_bycatch_plate1,F06,GTseq_i7_i03,GCCTAA,GGTTTG,GGTTTG,BFAL,gtseq5,s46,NA,NA
15-0220,BFAL_bycatch_plate1,G06,GTseq_i7_i03,GCCTAA,TATCAC,TATCAC,BFAL,gtseq5,s47,NA,NA
15-0222,BFAL_bycatch_plate1,H06,GTseq_i7_i03,GCCTAA,TGGGGA,TGGGGA,BFAL,gtseq5,s48,NA,NA
15-0223,BFAL_bycatch_plate1,A07,GTseq_i7_i03,GCCTAA,AATGAG,AATGAG,BFAL,gtseq5,s49,NA,NA
15-0224,BFAL_bycatch_plate1,B07,GTseq_i7_i03,GCCTAA,AGTAGG,AGTAGG,BFAL,gtseq5,s50,NA,NA
15-0225,BFAL_bycatch_plate1,C07,GTseq_i7_i03,GCCTAA,CCATTT,CCATTT,BFAL,gtseq5,s51,NA,NA
15-0226,BFAL_bycatch_plate1,D07,GTseq_i7_i03,GCCTAA,CTACAG,CTACAG,BFAL,gtseq5,s52,NA,NA
15-0123,BFAL_bycatch_plate1,E07,GTseq_i7_i03,GCCTAA,GCAGAT,GCAGAT,BFAL,gtseq5,s53,NA,NA
15-0124,BFAL_bycatch_plate1,F07,GTseq_i7_i03,GCCTAA,GTAAGT,GTAAGT,BFAL,gtseq5,s54,NA,NA
15-0125,BFAL_bycatch_plate1,G07,GTseq_i7_i03,GCCTAA,TCAAAG,TCAAAG,BFAL,gtseq5,s55,NA,NA
15-0127,BFAL_bycatch_plate1,H07,GTseq_i7_i03,GCCTAA,TTATGA,TTATGA,BFAL,gtseq5,s56,NA,NA
15-0130,BFAL_bycatch_plate1,A08,GTseq_i7_i03,GCCTAA,ACAAGA,ACAAGA,BFAL,gtseq5,s57,NA,NA
15-0136,BFAL_bycatch_plate1,B08,GTseq_i7_i03,GCCTAA,AGTTAA,AGTTAA,BFAL,gtseq5,s58,NA,NA
15-0171,BFAL_bycatch_plate1,C08,GTseq_i7_i03,GCCTAA,CCCGGT,CCCGGT,BFAL,gtseq5,s59,NA,NA
15-0172,BFAL_bycatch_plate1,D08,GTseq_i7_i03,GCCTAA,CTCGCC,CTCGCC,BFAL,gtseq5,s60,NA,NA
15-0209,BFAL_bycatch_plate1,E08,GTseq_i7_i03,GCCTAA,GCATGG,GCATGG,BFAL,gtseq5,s61,NA,NA
15-0210,BFAL_bycatch_plate1,F08,GTseq_i7_i03,GCCTAA,GTATCC,GTATCC,BFAL,gtseq5,s62,NA,NA
15-0211,BFAL_bycatch_plate1,G08,GTseq_i7_i03,GCCTAA,TCCTGC,TCCTGC,BFAL,gtseq5,s63,NA,NA
15-0212,BFAL_bycatch_plate1,H08,GTseq_i7_i03,GCCTAA,TTCCGT,TTCCGT,BFAL,gtseq5,s64,NA,NA
15-0111,BFAL_bycatch_plate1,A09,GTseq_i7_i03,GCCTAA,ACAGCG,ACAGCG,BFAL,gtseq5,s65,NA,NA
15-0112,BFAL_bycatch_plate1,B09,GTseq_i7_i03,GCCTAA,ATAGTA,ATAGTA,BFAL,gtseq5,s66,NA,NA
15-0113,BFAL_bycatch_plate1,C09,GTseq_i7_i03,GCCTAA,CCCTAA,CCCTAA,BFAL,gtseq5,s67,NA,NA
15-0114,BFAL_bycatch_plate1,D09,GTseq_i7_i03,GCCTAA,CTGCGA,CTGCGA,BFAL,gtseq5,s68,NA,NA
15-0115,BFAL_bycatch_plate1,E09,GTseq_i7_i03,GCCTAA,GCCGTA,GCCGTA,BFAL,gtseq5,s69,NA,NA
15-0116,BFAL_bycatch_plate1,F09,GTseq_i7_i03,GCCTAA,GTCATC,GTCATC,BFAL,gtseq5,s70,NA,NA
15-0117,BFAL_bycatch_plate1,G09,GTseq_i7_i03,GCCTAA,TCGATT,TCGATT,BFAL,gtseq5,s71,NA,NA
15-0118,BFAL_bycatch_plate1,H09,GTseq_i7_i03,GCCTAA,TTCTAG,TTCTAG,BFAL,gtseq5,s72,NA,NA
15-0119,BFAL_bycatch_plate1,A10,GTseq_i7_i03,GCCTAA,ACATAC,ACATAC,BFAL,gtseq5,s73,NA,NA
15-0120,BFAL_bycatch_plate1,B10,GTseq_i7_i03,GCCTAA,ATCAAA,ATCAAA,BFAL,gtseq5,s74,NA,NA
15-0121,BFAL_bycatch_plate1,C10,GTseq_i7_i03,GCCTAA,CCGAGG,CCGAGG,BFAL,gtseq5,s75,NA,NA
15-0122,BFAL_bycatch_plate1,D10,GTseq_i7_i03,GCCTAA,CTGGTT,CTGGTT,BFAL,gtseq5,s76,NA,NA
14-0426,BFAL_bycatch_plate1,E10,GTseq_i7_i03,GCCTAA,GCGACC,GCGACC,BFAL,gtseq5,s77,NA,NA
14-0448,BFAL_bycatch_plate1,F10,GTseq_i7_i03,GCCTAA,GTGCCT,GTGCCT,BFAL,gtseq5,s78,NA,NA
15-0326,BFAL_bycatch_plate1,G10,GTseq_i7_i03,GCCTAA,TCGCCA,TCGCCA,BFAL,gtseq5,s79,NA,NA
15-0383,BFAL_bycatch_plate1,H10,GTseq_i7_i03,GCCTAA,TTGAGC,TTGAGC,BFAL,gtseq5,s80,NA,NA
15-0388,BFAL_bycatch_plate1,A11,GTseq_i7_i03,GCCTAA,ACCATG,ACCATG,BFAL,gtseq5,s81,NA,NA
15-0452,BFAL_bycatch_plate1,B11,GTseq_i7_i03,GCCTAA,ATGCAC,ATGCAC,BFAL,gtseq5,s82,NA,NA
14-0742,BFAL_bycatch_plate1,C11,GTseq_i7_i03,GCCTAA,CCGCAT,CCGCAT,BFAL,gtseq5,s83,NA,NA
14-0474,BFAL_bycatch_plate1,D11,GTseq_i7_i03,GCCTAA,CTTATG,CTTATG,BFAL,gtseq5,s84,NA,NA
12-0373,BFAL_bycatch_plate1,E11,GTseq_i7_i03,GCCTAA,GCGCTG,GCGCTG,BFAL,gtseq5,s85,NA,NA
12-0374,BFAL_bycatch_plate1,F11,GTseq_i7_i03,GCCTAA,GTGTAA,GTGTAA,BFAL,gtseq5,s86,NA,NA
12-0375,BFAL_bycatch_plate1,G11,GTseq_i7_i03,GCCTAA,TCGGAC,TCGGAC,BFAL,gtseq5,s87,NA,NA
12-0376,BFAL_bycatch_plate1,H11,GTseq_i7_i03,GCCTAA,TTTAAT,TTTAAT,BFAL,gtseq5,s88,NA,NA
12-0383,BFAL_bycatch_plate1,A12,GTseq_i7_i03,GCCTAA,ACCCCC,ACCCCC,BFAL,gtseq5,s89,NA,NA
12-0384,BFAL_bycatch_plate1,B12,GTseq_i7_i03,GCCTAA,ATGTTG,ATGTTG,BFAL,gtseq5,s90,NA,NA
12-0386,BFAL_bycatch_plate1,C12,GTseq_i7_i03,GCCTAA,CCTAAC,CCTAAC,BFAL,gtseq5,s91,NA,NA
12-0387,BFAL_bycatch_plate1,D12,GTseq_i7_i03,GCCTAA,CTTTGC,CTTTGC,BFAL,gtseq5,s92,NA,NA
12-0390,BFAL_bycatch_plate1,E12,GTseq_i7_i03,GCCTAA,GCTCAA,GCTCAA,BFAL,gtseq5,s93,NA,NA
12-0391,BFAL_bycatch_plate1,F12,GTseq_i7_i03,GCCTAA,GTTGGA,GTTGGA,BFAL,gtseq5,s94,NA,NA
12-0394,BFAL_bycatch_plate1,G12,GTseq_i7_i03,GCCTAA,TCTCGG,TCTCGG,BFAL,gtseq5,s95,NA,NA
12-0395,BFAL_bycatch_plate1,H12,GTseq_i7_i03,GCCTAA,TTTGTC,TTTGTC,BFAL,gtseq5,s96,NA,NA
12-0397,BFAL_bycatch_plate2,A01,GTseq_i7_i04,TGGTCA,AAACGG,AAACGG,BFAL,gtseq5,s97,NA,NA
11-0293,BFAL_bycatch_plate2,B01,GTseq_i7_i04,TGGTCA,ACTCTT,ACTCTT,BFAL,gtseq5,s98,NA,NA
11-0328,BFAL_bycatch_plate2,C01,GTseq_i7_i04,TGGTCA,ATTCCG,ATTCCG,BFAL,gtseq5,s99,NA,NA
11-0334,BFAL_bycatch_plate2,D01,GTseq_i7_i04,TGGTCA,CGAGGC,CGAGGC,BFAL,gtseq5,s100,NA,NA
11-0335,BFAL_bycatch_plate2,E01,GTseq_i7_i04,TGGTCA,GAAATG,GAAATG,BFAL,gtseq5,s101,NA,NA
11-0621,BFAL_bycatch_plate2,F01,GTseq_i7_i04,TGGTCA,GGACTT,GGACTT,BFAL,gtseq5,s102,NA,NA
11-0388,BFAL_bycatch_plate2,G01,GTseq_i7_i04,TGGTCA,TAAGCT,TAAGCT,BFAL,gtseq5,s103,NA,NA
11-0626,BFAL_bycatch_plate2,H01,GTseq_i7_i04,TGGTCA,TCTTCT,TCTTCT,BFAL,gtseq5,s104,NA,NA
11-0628,BFAL_bycatch_plate2,A02,GTseq_i7_i04,TGGTCA,AACGTT,AACGTT,BFAL,gtseq5,s105,NA,NA
11-0874,BFAL_bycatch_plate2,B02,GTseq_i7_i04,TGGTCA,ACTGGC,ACTGGC,BFAL,gtseq5,s106,NA,NA
12-0250,BFAL_bycatch_plate2,C02,GTseq_i7_i04,TGGTCA,CAAAAA,CAAAAA,BFAL,gtseq5,s107,NA,NA
13-0538,BFAL_bycatch_plate2,D02,GTseq_i7_i04,TGGTCA,CGCAGA,CGCAGA,BFAL,gtseq5,s108,NA,NA
13-0540,BFAL_bycatch_plate2,E02,GTseq_i7_i04,TGGTCA,GAACCA,GAACCA,BFAL,gtseq5,s109,NA,NA
13-0994,BFAL_bycatch_plate2,F02,GTseq_i7_i04,TGGTCA,GGCAAG,GGCAAG,BFAL,gtseq5,s110,NA,NA
13-0996,BFAL_bycatch_plate2,G02,GTseq_i7_i04,TGGTCA,TAATTC,TAATTC,BFAL,gtseq5,s111,NA,NA
13-1103,BFAL_bycatch_plate2,H02,GTseq_i7_i04,TGGTCA,TGAACC,TGAACC,BFAL,gtseq5,s112,NA,NA
13-1106,BFAL_bycatch_plate2,A03,GTseq_i7_i04,TGGTCA,AACTGA,AACTGA,BFAL,gtseq5,s113,NA,NA
13-1186,BFAL_bycatch_plate2,B03,GTseq_i7_i04,TGGTCA,AGCCAT,AGCCAT,BFAL,gtseq5,s114,NA,NA
10-0485,BFAL_bycatch_plate2,C03,GTseq_i7_i04,TGGTCA,CAATCG,CAATCG,BFAL,gtseq5,s115,NA,NA
10-0486,BFAL_bycatch_plate2,D03,GTseq_i7_i04,TGGTCA,CGCGTG,CGCGTG,BFAL,gtseq5,s116,NA,NA
10-0487,BFAL_bycatch_plate2,E03,GTseq_i7_i04,TGGTCA,GACGAC,GACGAC,BFAL,gtseq5,s117,NA,NA
10-0495,BFAL_bycatch_plate2,F03,GTseq_i7_i04,TGGTCA,GGGCGC,GGGCGC,BFAL,gtseq5,s118,NA,NA
10-0496,BFAL_bycatch_plate2,G03,GTseq_i7_i04,TGGTCA,TACACA,TACACA,BFAL,gtseq5,s119,NA,NA
10-0497,BFAL_bycatch_plate2,H03,GTseq_i7_i04,TGGTCA,TGACAA,TGACAA,BFAL,gtseq5,s120,NA,NA
10-0584,BFAL_bycatch_plate2,A04,GTseq_i7_i04,TGGTCA,AAGACG,AAGACG,BFAL,gtseq5,s121,NA,NA
10-0585,BFAL_bycatch_plate2,B04,GTseq_i7_i04,TGGTCA,AGCGCA,AGCGCA,BFAL,gtseq5,s122,NA,NA
10-0627,BFAL_bycatch_plate2,C04,GTseq_i7_i04,TGGTCA,CACCTC,CACCTC,BFAL,gtseq5,s123,NA,NA
10-0628,BFAL_bycatch_plate2,D04,GTseq_i7_i04,TGGTCA,CGGTCC,CGGTCC,BFAL,gtseq5,s124,NA,NA
10-0647,BFAL_bycatch_plate2,E04,GTseq_i7_i04,TGGTCA,GACTCT,GACTCT,BFAL,gtseq5,s125,NA,NA
10-0661,BFAL_bycatch_plate2,F04,GTseq_i7_i04,TGGTCA,GGGGCG,GGGGCG,BFAL,gtseq5,s126,NA,NA
10-0660,BFAL_bycatch_plate2,G04,GTseq_i7_i04,TGGTCA,TACGGG,TACGGG,BFAL,gtseq5,s127,NA,NA
10-0669,BFAL_bycatch_plate2,H04,GTseq_i7_i04,TGGTCA,TGCCCG,TGCCCG,BFAL,gtseq5,s128,NA,NA
10-0670,BFAL_bycatch_plate2,A05,GTseq_i7_i04,TGGTCA,AAGCTA,AAGCTA,BFAL,gtseq5,s129,NA,NA
10-0678,BFAL_bycatch_plate2,B05,GTseq_i7_i04,TGGTCA,AGGGTC,AGGGTC,BFAL,gtseq5,s130,NA,NA
10-0739,BFAL_bycatch_plate2,C05,GTseq_i7_i04,TGGTCA,CAGGCA,CAGGCA,BFAL,gtseq5,s131,NA,NA
10-0759,BFAL_bycatch_plate2,D05,GTseq_i7_i04,TGGTCA,CGTCTA,CGTCTA,BFAL,gtseq5,s132,NA,NA
10-0760,BFAL_bycatch_plate2,E05,GTseq_i7_i04,TGGTCA,GAGAGA,GAGAGA,BFAL,gtseq5,s133,NA,NA
10-0788,BFAL_bycatch_plate2,F05,GTseq_i7_i04,TGGTCA,GGTACA,GGTACA,BFAL,gtseq5,s134,NA,NA
10-0791,BFAL_bycatch_plate2,G05,GTseq_i7_i04,TGGTCA,TAGTAT,TAGTAT,BFAL,gtseq5,s135,NA,NA
10-0792,BFAL_bycatch_plate2,H05,GTseq_i7_i04,TGGTCA,TGCTTA,TGCTTA,BFAL,gtseq5,s136,NA,NA
10-0793,BFAL_bycatch_plate2,A06,GTseq_i7_i04,TGGTCA,AATATC,AATATC,BFAL,gtseq5,s137,NA,NA
11-0343,BFAL_bycatch_plate2,B06,GTseq_i7_i04,TGGTCA,AGGTGT,AGGTGT,BFAL,gtseq5,s138,NA,NA
11-0383,BFAL_bycatch_plate2,C06,GTseq_i7_i04,TGGTCA,CATACT,CATACT,BFAL,gtseq5,s139,NA,NA
11-0389,BFAL_bycatch_plate2,D06,GTseq_i7_i04,TGGTCA,CGTGAT,CGTGAT,BFAL,gtseq5,s140,NA,NA
11-0387,BFAL_bycatch_plate2,F06,GTseq_i7_i04,TGGTCA,GGTTTG,GGTTTG,BFAL,gtseq5,s142,NA,NA
17-0569,BFAL_bycatch_plate2,G06,GTseq_i7_i04,TGGTCA,TATCAC,TATCAC,BFAL,gtseq5,s143,NA,NA
17-0570,BFAL_bycatch_plate2,H06,GTseq_i7_i04,TGGTCA,TGGGGA,TGGGGA,BFAL,gtseq5,s144,NA,NA
17-0571,BFAL_bycatch_plate2,A07,GTseq_i7_i04,TGGTCA,AATGAG,AATGAG,BFAL,gtseq5,s145,NA,NA
17-0572,BFAL_bycatch_plate2,B07,GTseq_i7_i04,TGGTCA,AGTAGG,AGTAGG,BFAL,gtseq5,s146,NA,NA
17-0573,BFAL_bycatch_plate2,C07,GTseq_i7_i04,TGGTCA,CCATTT,CCATTT,BFAL,gtseq5,s147,NA,NA
17-0574,BFAL_bycatch_plate2,D07,GTseq_i7_i04,TGGTCA,CTACAG,CTACAG,BFAL,gtseq5,s148,NA,NA
17-0575,BFAL_bycatch_plate2,E07,GTseq_i7_i04,TGGTCA,GCAGAT,GCAGAT,BFAL,gtseq5,s149,NA,NA
17-0591,BFAL_bycatch_plate2,F07,GTseq_i7_i04,TGGTCA,GTAAGT,GTAAGT,BFAL,gtseq5,s150,NA,NA
17-0592,BFAL_bycatch_plate2,G07,GTseq_i7_i04,TGGTCA,TCAAAG,TCAAAG,BFAL,gtseq5,s151,NA,NA
17-0608,BFAL_bycatch_plate2,H07,GTseq_i7_i04,TGGTCA,TTATGA,TTATGA,BFAL,gtseq5,s152,NA,NA
17-0609,BFAL_bycatch_plate2,A08,GTseq_i7_i04,TGGTCA,ACAAGA,ACAAGA,BFAL,gtseq5,s153,NA,NA
18-0100,BFAL_bycatch_plate2,B08,GTseq_i7_i04,TGGTCA,AGTTAA,AGTTAA,BFAL,gtseq5,s154,NA,NA
17-0320,BFAL_bycatch_plate2,C08,GTseq_i7_i04,TGGTCA,CCCGGT,CCCGGT,BFAL,gtseq5,s155,NA,NA
17-0557,BFAL_bycatch_plate2,D08,GTseq_i7_i04,TGGTCA,CTCGCC,CTCGCC,BFAL,gtseq5,s156,NA,NA
17-0558,BFAL_bycatch_plate2,E08,GTseq_i7_i04,TGGTCA,GCATGG,GCATGG,BFAL,gtseq5,s157,NA,NA
17-0559,BFAL_bycatch_plate2,F08,GTseq_i7_i04,TGGTCA,GTATCC,GTATCC,BFAL,gtseq5,s158,NA,NA
17-0560,BFAL_bycatch_plate2,G08,GTseq_i7_i04,TGGTCA,TCCTGC,TCCTGC,BFAL,gtseq5,s159,NA,NA
17-0561,BFAL_bycatch_plate2,H08,GTseq_i7_i04,TGGTCA,TTCCGT,TTCCGT,BFAL,gtseq5,s160,NA,NA
17-0562,BFAL_bycatch_plate2,A09,GTseq_i7_i04,TGGTCA,ACAGCG,ACAGCG,BFAL,gtseq5,s161,NA,NA
17-0563,BFAL_bycatch_plate2,B09,GTseq_i7_i04,TGGTCA,ATAGTA,ATAGTA,BFAL,gtseq5,s162,NA,NA
17-0564,BFAL_bycatch_plate2,C09,GTseq_i7_i04,TGGTCA,CCCTAA,CCCTAA,BFAL,gtseq5,s163,NA,NA
17-0565,BFAL_bycatch_plate2,D09,GTseq_i7_i04,TGGTCA,CTGCGA,CTGCGA,BFAL,gtseq5,s164,NA,NA
17-0566,BFAL_bycatch_plate2,E09,GTseq_i7_i04,TGGTCA,GCCGTA,GCCGTA,BFAL,gtseq5,s165,NA,NA
17-0567,BFAL_bycatch_plate2,F09,GTseq_i7_i04,TGGTCA,GTCATC,GTCATC,BFAL,gtseq5,s166,NA,NA
17-0568,BFAL_bycatch_plate2,G09,GTseq_i7_i04,TGGTCA,TCGATT,TCGATT,BFAL,gtseq5,s167,NA,NA
17-0279,BFAL_bycatch_plate2,H09,GTseq_i7_i04,TGGTCA,TTCTAG,TTCTAG,BFAL,gtseq5,s168,NA,NA
17-0282,BFAL_bycatch_plate2,A10,GTseq_i7_i04,TGGTCA,ACATAC,ACATAC,BFAL,gtseq5,s169,NA,NA
17-0283,BFAL_bycatch_plate2,B10,GTseq_i7_i04,TGGTCA,ATCAAA,ATCAAA,BFAL,gtseq5,s170,NA,NA
17-0285,BFAL_bycatch_plate2,C10,GTseq_i7_i04,TGGTCA,CCGAGG,CCGAGG,BFAL,gtseq5,s171,NA,NA
17-0287,BFAL_bycatch_plate2,D10,GTseq_i7_i04,TGGTCA,CTGGTT,CTGGTT,BFAL,gtseq5,s172,NA,NA
17-0289,BFAL_bycatch_plate2,E10,GTseq_i7_i04,TGGTCA,GCGACC,GCGACC,BFAL,gtseq5,s173,NA,NA
17-0290,BFAL_bycatch_plate2,F10,GTseq_i7_i04,TGGTCA,GTGCCT,GTGCCT,BFAL,gtseq5,s174,NA,NA
17-0291,BFAL_bycatch_plate2,G10,GTseq_i7_i04,TGGTCA,TCGCCA,TCGCCA,BFAL,gtseq5,s175,NA,NA
17-0294,BFAL_bycatch_plate2,H10,GTseq_i7_i04,TGGTCA,TTGAGC,TTGAGC,BFAL,gtseq5,s176,NA,NA
16-0604,BFAL_bycatch_plate2,A11,GTseq_i7_i04,TGGTCA,ACCATG,ACCATG,BFAL,gtseq5,s177,NA,NA
16-0605,BFAL_bycatch_plate2,B11,GTseq_i7_i04,TGGTCA,ATGCAC,ATGCAC,BFAL,gtseq5,s178,NA,NA
16-0608,BFAL_bycatch_plate2,C11,GTseq_i7_i04,TGGTCA,CCGCAT,CCGCAT,BFAL,gtseq5,s179,NA,NA
16-0609,BFAL_bycatch_plate2,D11,GTseq_i7_i04,TGGTCA,CTTATG,CTTATG,BFAL,gtseq5,s180,NA,NA
16-0611,BFAL_bycatch_plate2,E11,GTseq_i7_i04,TGGTCA,GCGCTG,GCGCTG,BFAL,gtseq5,s181,NA,NA
17-0221,BFAL_bycatch_plate2,F11,GTseq_i7_i04,TGGTCA,GTGTAA,GTGTAA,BFAL,gtseq5,s182,NA,NA
17-0222,BFAL_bycatch_plate2,G11,GTseq_i7_i04,TGGTCA,TCGGAC,TCGGAC,BFAL,gtseq5,s183,NA,NA
17-0225,BFAL_bycatch_plate2,H11,GTseq_i7_i04,TGGTCA,TTTAAT,TTTAAT,BFAL,gtseq5,s184,NA,NA
17-0237,BFAL_bycatch_plate2,A12,GTseq_i7_i04,TGGTCA,ACCCCC,ACCCCC,BFAL,gtseq5,s185,NA,NA
17-0278,BFAL_bycatch_plate2,B12,GTseq_i7_i04,TGGTCA,ATGTTG,ATGTTG,BFAL,gtseq5,s186,NA,NA
16-0370,BFAL_bycatch_plate2,C12,GTseq_i7_i04,TGGTCA,CCTAAC,CCTAAC,BFAL,gtseq5,s187,NA,NA
16-0371,BFAL_bycatch_plate2,D12,GTseq_i7_i04,TGGTCA,CTTTGC,CTTTGC,BFAL,gtseq5,s188,NA,NA
16-0398,BFAL_bycatch_plate2,E12,GTseq_i7_i04,TGGTCA,GCTCAA,GCTCAA,BFAL,gtseq5,s189,NA,NA
16-0402,BFAL_bycatch_plate2,F12,GTseq_i7_i04,TGGTCA,GTTGGA,GTTGGA,BFAL,gtseq5,s190,NA,NA
16-0403,BFAL_bycatch_plate2,G12,GTseq_i7_i04,TGGTCA,TCTCGG,TCTCGG,BFAL,gtseq5,s191,NA,NA
16-0404,BFAL_bycatch_plate2,H12,GTseq_i7_i04,TGGTCA,TTTGTC,TTTGTC,BFAL,gtseq5,s192,NA,NA
16-0373,BFAL001,A01,GTseq_i7_i11,GTAGCC,AAACGG,AAACGG,BFAL,gtseq5,s193,Laysan,TRUE
16-0400,BFAL001,B01,GTseq_i7_i11,GTAGCC,ACTCTT,ACTCTT,BFAL,gtseq5,s194,Lehua,TRUE
16-0401,BFAL001,C01,GTseq_i7_i11,GTAGCC,ATTCCG,ATTCCG,BFAL,gtseq5,s195,Lehua,TRUE
17-0286,BFAL001,D01,GTseq_i7_i11,GTAGCC,CGAGGC,CGAGGC,BFAL,gtseq5,s196,Midway,TRUE
17-0295,BFAL001,E01,GTseq_i7_i11,GTAGCC,GAAATG,GAAATG,BFAL,gtseq5,s197,Tern,TRUE
17-0312,BFAL001,F01,GTseq_i7_i11,GTAGCC,GGACTT,GGACTT,BFAL,gtseq5,s198,NA,NA
17-0319,BFAL001,G01,GTseq_i7_i11,GTAGCC,TAAGCT,TAAGCT,BFAL,gtseq5,s199,Tern,TRUE
17-0341,BFAL001,H01,GTseq_i7_i11,GTAGCC,TCTTCT,TCTTCT,BFAL,gtseq5,s200,Tern,TRUE
17-0437,BFAL001,A02,GTseq_i7_i11,GTAGCC,AACGTT,AACGTT,BFAL,gtseq5,s201,Tern,TRUE
18-0049,BFAL001,B02,GTseq_i7_i11,GTAGCC,ACTGGC,ACTGGC,BFAL,gtseq5,s202,NA,NA
18-0052,BFAL001,C02,GTseq_i7_i11,GTAGCC,CAAAAA,CAAAAA,BFAL,gtseq5,s203,NA,NA
18-0486,BFAL001,D02,GTseq_i7_i11,GTAGCC,CGCAGA,CGCAGA,BFAL,gtseq5,s204,NA,NA
18-0489,BFAL001,E02,GTseq_i7_i11,GTAGCC,GAACCA,GAACCA,BFAL,gtseq5,s205,NA,NA
19-0669,BFAL001,F02,GTseq_i7_i11,GTAGCC,GGCAAG,GGCAAG,BFAL,gtseq5,s206,Laysan,TRUE
19-0676,BFAL001,G02,GTseq_i7_i11,GTAGCC,TAATTC,TAATTC,BFAL,gtseq5,s207,Tern,TRUE
19-0693,BFAL001,H02,GTseq_i7_i11,GTAGCC,TGAACC,TGAACC,BFAL,gtseq5,s208,Tern,TRUE
19-0695,BFAL001,A03,GTseq_i7_i11,GTAGCC,AACTGA,AACTGA,BFAL,gtseq5,s209,Tern,TRUE
19-0728,BFAL001,B03,GTseq_i7_i11,GTAGCC,AGCCAT,AGCCAT,BFAL,gtseq5,s210,Tern,TRUE
19-0729,BFAL001,C03,GTseq_i7_i11,GTAGCC,CAATCG,CAATCG,BFAL,gtseq5,s211,Tern,TRUE
20-0024,BFAL001,D03,GTseq_i7_i11,GTAGCC,CGCGTG,CGCGTG,BFAL,gtseq5,s212,Tern,TRUE
12-0271,BFAL001,E03,GTseq_i7_i11,GTAGCC,GACGAC,GACGAC,BFAL,gtseq5,s213,Whale-Skate,TRUE
12-0371,BFAL001,F03,GTseq_i7_i11,GTAGCC,GGGCGC,GGGCGC,BFAL,gtseq5,s214,Whale-Skate,TRUE
20-0025,BFAL001,G03,GTseq_i7_i11,GTAGCC,TACACA,TACACA,BFAL,gtseq5,s215,Tern,TRUE
12-0372,BFAL001,H03,GTseq_i7_i11,GTAGCC,TGACAA,TGACAA,BFAL,gtseq5,s216,Whale-Skate,TRUE
20-0087,BFAL001,A04,GTseq_i7_i11,GTAGCC,AAGACG,AAGACG,BFAL,gtseq5,s217,Tern,TRUE
20-0133,BFAL001,B04,GTseq_i7_i11,GTAGCC,AGCGCA,AGCGCA,BFAL,gtseq5,s218,Tern,TRUE
15-0131,BFAL001,C04,GTseq_i7_i11,GTAGCC,CACCTC,CACCTC,BFAL,gtseq5,s219,Laysan,TRUE
20-0147,BFAL001,D04,GTseq_i7_i11,GTAGCC,CGGTCC,CGGTCC,BFAL,gtseq5,s220,Tern,TRUE
20-0243,BFAL001,E04,GTseq_i7_i11,GTAGCC,GACTCT,GACTCT,BFAL,gtseq5,s221,Tern,TRUE
15-0133,BFAL001,F04,GTseq_i7_i11,GTAGCC,GGGGCG,GGGGCG,BFAL,gtseq5,s222,Tern,TRUE
20-0244,BFAL001,G04,GTseq_i7_i11,GTAGCC,TACGGG,TACGGG,BFAL,gtseq5,s223,Kure,TRUE
20-0316,BFAL001,H04,GTseq_i7_i11,GTAGCC,TGCCCG,TGCCCG,BFAL,gtseq5,s224,Tern,TRUE
15-0465,BFAL001,A05,GTseq_i7_i11,GTAGCC,AAGCTA,AAGCTA,BFAL,gtseq5,s225,Laysan,TRUE
20-0499,BFAL001,B05,GTseq_i7_i11,GTAGCC,AGGGTC,AGGGTC,BFAL,gtseq5,s226,Tern,TRUE
15-0473,BFAL001,C05,GTseq_i7_i11,GTAGCC,CAGGCA,CAGGCA,BFAL,gtseq5,s227,Tern,TRUE
15-0474,BFAL001,D05,GTseq_i7_i11,GTAGCC,CGTCTA,CGTCTA,BFAL,gtseq5,s228,Tern,TRUE
15-0476,BFAL001,E05,GTseq_i7_i11,GTAGCC,GAGAGA,GAGAGA,BFAL,gtseq5,s229,Tern,TRUE
15-0489,BFAL001,F05,GTseq_i7_i11,GTAGCC,GGTACA,GGTACA,BFAL,gtseq5,s230,Tern,TRUE
15-0492,BFAL001,G05,GTseq_i7_i11,GTAGCC,TAGTAT,TAGTAT,BFAL,gtseq5,s231,Tern,TRUE
20-0501,BFAL001,H05,GTseq_i7_i11,GTAGCC,TGCTTA,TGCTTA,BFAL,gtseq5,s232,Tern,TRUE
21-0048,BFAL001,A06,GTseq_i7_i11,GTAGCC,AATATC,AATATC,BFAL,gtseq5,s233,Tern,TRUE
21-0071,BFAL001,B06,GTseq_i7_i11,GTAGCC,AGGTGT,AGGTGT,BFAL,gtseq5,s234,Laysan,TRUE
21-0100,BFAL001,C06,GTseq_i7_i11,GTAGCC,CATACT,CATACT,BFAL,gtseq5,s235,Tern,TRUE
21-0173,BFAL001,D06,GTseq_i7_i11,GTAGCC,CGTGAT,CGTGAT,BFAL,gtseq5,s236,Laysan,TRUE
21-0101,BFAL001,E06,GTseq_i7_i11,GTAGCC,GTCTCA,GTCTCA,BFAL,gtseq5,s237,Tern,TRUE
13-1198,BFAL001,F06,GTseq_i7_i11,GTAGCC,GGTTTG,GGTTTG,BFAL,gtseq5,s238,NA,NA
14-0454,BFAL001,G06,GTseq_i7_i11,GTAGCC,TATCAC,TATCAC,BFAL,gtseq5,s239,NA,NA
15-0418,BFAL001,H06,GTseq_i7_i11,GTAGCC,TGGGGA,TGGGGA,BFAL,gtseq5,s240,NA,NA
12-0155,BFAL001,A07,GTseq_i7_i11,GTAGCC,AATGAG,AATGAG,BFAL,gtseq5,s241,NA,NA
13-0991,BFAL001,B07,GTseq_i7_i11,GTAGCC,AGTAGG,AGTAGG,BFAL,gtseq5,s242,NA,NA
13-1096,BFAL001,C07,GTseq_i7_i11,GTAGCC,CCATTT,CCATTT,BFAL,gtseq5,s243,NA,NA
13-1187,BFAL001,D07,GTseq_i7_i11,GTAGCC,CTACAG,CTACAG,BFAL,gtseq5,s244,NA,NA
14-0456,BFAL001,E07,GTseq_i7_i11,GTAGCC,GCAGAT,GCAGAT,BFAL,gtseq5,s245,NA,NA
11-0293,BFAL001,F07,GTseq_i7_i11,GTAGCC,GTAAGT,GTAAGT,BFAL,gtseq5,s246,NA,NA
12-0261,BFAL001,G07,GTseq_i7_i11,GTAGCC,TCAAAG,TCAAAG,BFAL,gtseq5,s247,NA,NA
12-0264,BFAL001,H07,GTseq_i7_i11,GTAGCC,TTATGA,TTATGA,BFAL,gtseq5,s248,NA,NA
12-0265,BFAL001,A08,GTseq_i7_i11,GTAGCC,ACAAGA,ACAAGA,BFAL,gtseq5,s249,NA,NA
12-0266,BFAL001,B08,GTseq_i7_i11,GTAGCC,AGTTAA,AGTTAA,BFAL,gtseq5,s250,NA,NA
12-0268,BFAL001,C08,GTseq_i7_i11,GTAGCC,CCCGGT,CCCGGT,BFAL,gtseq5,s251,NA,NA
12-0269,BFAL001,D08,GTseq_i7_i11,GTAGCC,CTCGCC,CTCGCC,BFAL,gtseq5,s252,NA,NA
12-0270,BFAL001,E08,GTseq_i7_i11,GTAGCC,GCATGG,GCATGG,BFAL,gtseq5,s253,Laysan,TRUE
12-0272,BFAL001,F08,GTseq_i7_i11,GTAGCC,GTATCC,GTATCC,BFAL,gtseq5,s254,NA,NA
12-0273,BFAL001,G08,GTseq_i7_i11,GTAGCC,TCCTGC,TCCTGC,BFAL,gtseq5,s255,NA,NA
12-0274,BFAL001,H08,GTseq_i7_i11,GTAGCC,TTCCGT,TTCCGT,BFAL,gtseq5,s256,NA,NA
12-0364,BFAL001,A09,GTseq_i7_i11,GTAGCC,ACAGCG,ACAGCG,BFAL,gtseq5,s257,NA,NA
12-0368,BFAL001,B09,GTseq_i7_i11,GTAGCC,ATAGTA,ATAGTA,BFAL,gtseq5,s258,NA,NA
12-0381,BFAL001,C09,GTseq_i7_i11,GTAGCC,CCCTAA,CCCTAA,BFAL,gtseq5,s259,Laysan,TRUE
17-0311,BFAL001,D09,GTseq_i7_i11,GTAGCC,CTGCGA,CTGCGA,BFAL,gtseq5,s260,NA,NA
21-0073,BFAL001,E09,GTseq_i7_i11,GTAGCC,GCCGTA,GCCGTA,BFAL,gtseq5,s261,NA,NA
21-0074,BFAL001,F09,GTseq_i7_i11,GTAGCC,GTCATC,GTCATC,BFAL,gtseq5,s262,NA,NA
21-0075,BFAL001,G09,GTseq_i7_i11,GTAGCC,TCGATT,TCGATT,BFAL,gtseq5,s263,Tern,TRUE
21-0077,BFAL001,H09,GTseq_i7_i11,GTAGCC,TTCTAG,TTCTAG,BFAL,gtseq5,s264,NA,NA
21-0078,BFAL001,A10,GTseq_i7_i11,GTAGCC,ACATAC,ACATAC,BFAL,gtseq5,s265,Tern,TRUE
21-0079,BFAL001,B10,GTseq_i7_i11,GTAGCC,ATCAAA,ATCAAA,BFAL,gtseq5,s266,NA,NA
21-0080,BFAL001,C10,GTseq_i7_i11,GTAGCC,CCGAGG,CCGAGG,BFAL,gtseq5,s267,NA,NA
21-0098,BFAL001,D10,GTseq_i7_i11,GTAGCC,CTGGTT,CTGGTT,BFAL,gtseq5,s268,NA,NA
21-0099,BFAL001,E10,GTseq_i7_i11,GTAGCC,GCGACC,GCGACC,BFAL,gtseq5,s269,NA,NA
21-0102,BFAL001,F10,GTseq_i7_i11,GTAGCC,GTGCCT,GTGCCT,BFAL,gtseq5,s270,Tern,TRUE
21-0103,BFAL001,G10,GTseq_i7_i11,GTAGCC,TCGCCA,TCGCCA,BFAL,gtseq5,s271,NA,NA
21-0104,BFAL001,H10,GTseq_i7_i11,GTAGCC,TTGAGC,TTGAGC,BFAL,gtseq5,s272,NA,NA
21-0105,BFAL001,A11,GTseq_i7_i11,GTAGCC,ACCATG,ACCATG,BFAL,gtseq5,s273,NA,NA
21-0110,BFAL001,B11,GTseq_i7_i11,GTAGCC,ATGCAC,ATGCAC,BFAL,gtseq5,s274,NA,NA
21-0111,BFAL001,C11,GTseq_i7_i11,GTAGCC,CCGCAT,CCGCAT,BFAL,gtseq5,s275,NA,NA
21-0112,BFAL001,D11,GTseq_i7_i11,GTAGCC,CTTATG,CTTATG,BFAL,gtseq5,s276,NA,NA
21-0161,BFAL001,E11,GTseq_i7_i11,GTAGCC,GCGCTG,GCGCTG,BFAL,gtseq5,s277,NA,NA
21-0162,BFAL001,F11,GTseq_i7_i11,GTAGCC,GTGTAA,GTGTAA,BFAL,gtseq5,s278,NA,NA
21-0163,BFAL001,G11,GTseq_i7_i11,GTAGCC,TCGGAC,TCGGAC,BFAL,gtseq5,s279,NA,NA
21-0164,BFAL001,H11,GTseq_i7_i11,GTAGCC,TTTAAT,TTTAAT,BFAL,gtseq5,s280,NA,NA
21-0165,BFAL001,A12,GTseq_i7_i11,GTAGCC,ACCCCC,ACCCCC,BFAL,gtseq5,s281,NA,NA
21-0166,BFAL001,B12,GTseq_i7_i11,GTAGCC,ATGTTG,ATGTTG,BFAL,gtseq5,s282,NA,NA
21-0167,BFAL001,C12,GTseq_i7_i11,GTAGCC,CCTAAC,CCTAAC,BFAL,gtseq5,s283,NA,NA
21-0168,BFAL001,D12,GTseq_i7_i11,GTAGCC,CTTTGC,CTTTGC,BFAL,gtseq5,s284,NA,NA
21-0174,BFAL001,E12,GTseq_i7_i11,GTAGCC,GCTCAA,GCTCAA,BFAL,gtseq5,s285,NA,NA
21-0181,BFAL001,F12,GTseq_i7_i11,GTAGCC,GTTGGA,GTTGGA,BFAL,gtseq5,s286,NA,NA
21-0182,BFAL001,G12,GTseq_i7_i11,GTAGCC,TCTCGG,TCTCGG,BFAL,gtseq5,s287,NA,NA
21-0183,BFAL001,H12,GTseq_i7_i11,GTAGCC,TTTGTC,TTTGTC,BFAL,gtseq5,s288,NA,NA
BFAL-TOR-01,BFAL002,A01,GTseq_i7_i12,TACAAG,AAACGG,AAACGG,BFAL,gtseq5,s289,Torishima,TRUE
BFAL-TOR-02,BFAL002,B01,GTseq_i7_i12,TACAAG,ACTCTT,ACTCTT,BFAL,gtseq5,s290,Torishima,TRUE
BFAL-TOR-03,BFAL002,C01,GTseq_i7_i12,TACAAG,ATTCCG,ATTCCG,BFAL,gtseq5,s291,Torishima,TRUE
BFAL-TOR-04,BFAL002,D01,GTseq_i7_i12,TACAAG,CGAGGC,CGAGGC,BFAL,gtseq5,s292,Torishima,TRUE
BFAL-TOR-05,BFAL002,E01,GTseq_i7_i12,TACAAG,GAAATG,GAAATG,BFAL,gtseq5,s293,Torishima,TRUE
BFAL-TOR-06,BFAL002,F01,GTseq_i7_i12,TACAAG,GGACTT,GGACTT,BFAL,gtseq5,s294,Torishima,TRUE
BFAL-TOR-07,BFAL002,G01,GTseq_i7_i12,TACAAG,TAAGCT,TAAGCT,BFAL,gtseq5,s295,Torishima,TRUE
BFAL-TOR-08,BFAL002,H01,GTseq_i7_i12,TACAAG,TCTTCT,TCTTCT,BFAL,gtseq5,s296,Torishima,TRUE
BFAL-TOR-09,BFAL002,A02,GTseq_i7_i12,TACAAG,AACGTT,AACGTT,BFAL,gtseq5,s297,Torishima,TRUE
BFAL-TOR-10,BFAL002,B02,GTseq_i7_i12,TACAAG,ACTGGC,ACTGGC,BFAL,gtseq5,s298,Torishima,TRUE
BFAL-TOR-11,BFAL002,C02,GTseq_i7_i12,TACAAG,CAAAAA,CAAAAA,BFAL,gtseq5,s299,Torishima,TRUE
BFAL-TOR-12,BFAL002,D02,GTseq_i7_i12,TACAAG,CGCAGA,CGCAGA,BFAL,gtseq5,s300,Torishima,TRUE
BFAL-TOR-13,BFAL002,E02,GTseq_i7_i12,TACAAG,GAACCA,GAACCA,BFAL,gtseq5,s301,Torishima,TRUE
BFAL-TOR-14,BFAL002,F02,GTseq_i7_i12,TACAAG,GGCAAG,GGCAAG,BFAL,gtseq5,s302,Torishima,TRUE
BFAL-TOR-15,BFAL002,G02,GTseq_i7_i12,TACAAG,TAATTC,TAATTC,BFAL,gtseq5,s303,Torishima,TRUE
BFAL-TOR-16,BFAL002,H02,GTseq_i7_i12,TACAAG,TGAACC,TGAACC,BFAL,gtseq5,s304,Torishima,TRUE
BFAL-TOR-17,BFAL002,A03,GTseq_i7_i12,TACAAG,AACTGA,AACTGA,BFAL,gtseq5,s305,Torishima,TRUE
BFAL-TOR-18,BFAL002,B03,GTseq_i7_i12,TACAAG,AGCCAT,AGCCAT,BFAL,gtseq5,s306,Torishima,TRUE
BFAL-TOR-19,BFAL002,C03,GTseq_i7_i12,TACAAG,CAATCG,CAATCG,BFAL,gtseq5,s307,Torishima,TRUE
BFAL-TOR-20,BFAL002,D03,GTseq_i7_i12,TACAAG,CGCGTG,CGCGTG,BFAL,gtseq5,s308,Torishima,TRUE
BFAL-TOR-21,BFAL002,E03,GTseq_i7_i12,TACAAG,GACGAC,GACGAC,BFAL,gtseq5,s309,Torishima,TRUE
BFAL-TOR-22,BFAL002,F03,GTseq_i7_i12,TACAAG,GGGCGC,GGGCGC,BFAL,gtseq5,s310,Torishima,TRUE
BFAL-TOR-23,BFAL002,G03,GTseq_i7_i12,TACAAG,TACACA,TACACA,BFAL,gtseq5,s311,Torishima,TRUE
BFAL-TOR-24,BFAL002,H03,GTseq_i7_i12,TACAAG,TGACAA,TGACAA,BFAL,gtseq5,s312,Torishima,TRUE
BFAL-TOR-25,BFAL002,A04,GTseq_i7_i12,TACAAG,AAGACG,AAGACG,BFAL,gtseq5,s313,Torishima,TRUE
BFAL-TOR-26,BFAL002,B04,GTseq_i7_i12,TACAAG,AGCGCA,AGCGCA,BFAL,gtseq5,s314,Torishima,TRUE
BFAL-TOR-27,BFAL002,C04,GTseq_i7_i12,TACAAG,CACCTC,CACCTC,BFAL,gtseq5,s315,Torishima,TRUE
BFAL-TOR-28,BFAL002,D04,GTseq_i7_i12,TACAAG,CGGTCC,CGGTCC,BFAL,gtseq5,s316,Torishima,TRUE
BFAL-TOR-29,BFAL002,E04,GTseq_i7_i12,TACAAG,GACTCT,GACTCT,BFAL,gtseq5,s317,Torishima,TRUE
BFAL-TOR-30,BFAL002,F04,GTseq_i7_i12,TACAAG,GGGGCG,GGGGCG,BFAL,gtseq5,s318,Torishima,TRUE
BFAL-TOR-31,BFAL002,G04,GTseq_i7_i12,TACAAG,TACGGG,TACGGG,BFAL,gtseq5,s319,Torishima,TRUE
BFAL-TOR-32,BFAL002,H04,GTseq_i7_i12,TACAAG,TGCCCG,TGCCCG,BFAL,gtseq5,s320,Torishima,TRUE
BFAL-TOR-33,BFAL002,A05,GTseq_i7_i12,TACAAG,AAGCTA,AAGCTA,BFAL,gtseq5,s321,Torishima,TRUE
BFAL-TOR-34,BFAL002,B05,GTseq_i7_i12,TACAAG,AGGGTC,AGGGTC,BFAL,gtseq5,s322,Torishima,TRUE
BFAL-TOR-35,BFAL002,C05,GTseq_i7_i12,TACAAG,CAGGCA,CAGGCA,BFAL,gtseq5,s323,Torishima,TRUE
BFAL-TOR-36,BFAL002,D05,GTseq_i7_i12,TACAAG,CGTCTA,CGTCTA,BFAL,gtseq5,s324,Torishima,TRUE
BFAL-TOR-37,BFAL002,E05,GTseq_i7_i12,TACAAG,GAGAGA,GAGAGA,BFAL,gtseq5,s325,Torishima,TRUE
BFAL-TOR-38,BFAL002,F05,GTseq_i7_i12,TACAAG,GGTACA,GGTACA,BFAL,gtseq5,s326,Torishima,TRUE
BFAL-TOR-39,BFAL002,G05,GTseq_i7_i12,TACAAG,TAGTAT,TAGTAT,BFAL,gtseq5,s327,Torishima,TRUE
BFAL-TOR-40,BFAL002,H05,GTseq_i7_i12,TACAAG,TGCTTA,TGCTTA,BFAL,gtseq5,s328,Torishima,TRUE
BFAL-TOR-41,BFAL002,A06,GTseq_i7_i12,TACAAG,AATATC,AATATC,BFAL,gtseq5,s329,Torishima,TRUE
BFAL-TOR-42,BFAL002,B06,GTseq_i7_i12,TACAAG,AGGTGT,AGGTGT,BFAL,gtseq5,s330,Torishima,TRUE
BFAL-TOR-43,BFAL002,C06,GTseq_i7_i12,TACAAG,CATACT,CATACT,BFAL,gtseq5,s331,Torishima,TRUE
BFAL-TOR-46,BFAL002,D06,GTseq_i7_i12,TACAAG,CGTGAT,CGTGAT,BFAL,gtseq5,s332,Torishima,TRUE
BFAL-TOR-47,BFAL002,E06,GTseq_i7_i12,TACAAG,GTCTCA,GTCTCA,BFAL,gtseq5,s333,Torishima,TRUE
BFAL-TOR-48,BFAL002,F06,GTseq_i7_i12,TACAAG,GGTTTG,GGTTTG,BFAL,gtseq5,s334,Torishima,TRUE
BFAL-TOR-49,BFAL002,G06,GTseq_i7_i12,TACAAG,TATCAC,TATCAC,BFAL,gtseq5,s335,Torishima,TRUE
BFAL-TOR-50,BFAL002,H06,GTseq_i7_i12,TACAAG,TGGGGA,TGGGGA,BFAL,gtseq5,s336,Torishima,TRUE
BFAL-KURE-01,BFAL002,A07,GTseq_i7_i12,TACAAG,AATGAG,AATGAG,BFAL,gtseq5,s337,Kure,TRUE
BFAL-KURE-02,BFAL002,B07,GTseq_i7_i12,TACAAG,AGTAGG,AGTAGG,BFAL,gtseq5,s338,Kure,TRUE
BFAL-KURE-03,BFAL002,C07,GTseq_i7_i12,TACAAG,CCATTT,CCATTT,BFAL,gtseq5,s339,Kure,TRUE
BFAL-KURE-04,BFAL002,D07,GTseq_i7_i12,TACAAG,CTACAG,CTACAG,BFAL,gtseq5,s340,Kure,TRUE
BFAL-KURE-05,BFAL002,E07,GTseq_i7_i12,TACAAG,GCAGAT,GCAGAT,BFAL,gtseq5,s341,Kure,TRUE
BFAL-KURE-06,BFAL002,F07,GTseq_i7_i12,TACAAG,GTAAGT,GTAAGT,BFAL,gtseq5,s342,Kure,TRUE
BFAL-KURE-07,BFAL002,G07,GTseq_i7_i12,TACAAG,TCAAAG,TCAAAG,BFAL,gtseq5,s343,Kure,TRUE
BFAL-KURE-08,BFAL002,H07,GTseq_i7_i12,TACAAG,TTATGA,TTATGA,BFAL,gtseq5,s344,Kure,TRUE
BFAL-KURE-09,BFAL002,A08,GTseq_i7_i12,TACAAG,ACAAGA,ACAAGA,BFAL,gtseq5,s345,Kure,TRUE
BFAL-KURE-10,BFAL002,B08,GTseq_i7_i12,TACAAG,AGTTAA,AGTTAA,BFAL,gtseq5,s346,Kure,TRUE
BFAL-KURE-11,BFAL002,C08,GTseq_i7_i12,TACAAG,CCCGGT,CCCGGT,BFAL,gtseq5,s347,Kure,TRUE
BFAL-KURE-12,BFAL002,D08,GTseq_i7_i12,TACAAG,CTCGCC,CTCGCC,BFAL,gtseq5,s348,Kure,TRUE
BFAL-KURE-13,BFAL002,E08,GTseq_i7_i12,TACAAG,GCATGG,GCATGG,BFAL,gtseq5,s349,Kure,TRUE
BFAL-KURE-14,BFAL002,F08,GTseq_i7_i12,TACAAG,GTATCC,GTATCC,BFAL,gtseq5,s350,Kure,TRUE
BFAL-KURE-15,BFAL002,G08,GTseq_i7_i12,TACAAG,TCCTGC,TCCTGC,BFAL,gtseq5,s351,Kure,TRUE
BFAL-KURE-16,BFAL002,H08,GTseq_i7_i12,TACAAG,TTCCGT,TTCCGT,BFAL,gtseq5,s352,Kure,TRUE
BFAL-KURE-17,BFAL002,A09,GTseq_i7_i12,TACAAG,ACAGCG,ACAGCG,BFAL,gtseq5,s353,Kure,TRUE
BFAL-KURE-18,BFAL002,B09,GTseq_i7_i12,TACAAG,ATAGTA,ATAGTA,BFAL,gtseq5,s354,Kure,TRUE
BFAL-KURE-19,BFAL002,C09,GTseq_i7_i12,TACAAG,CCCTAA,CCCTAA,BFAL,gtseq5,s355,Kure,TRUE
BFAL-KURE-20,BFAL002,D09,GTseq_i7_i12,TACAAG,CTGCGA,CTGCGA,BFAL,gtseq5,s356,Kure,TRUE
BFAL-KURE-21,BFAL002,E09,GTseq_i7_i12,TACAAG,GCCGTA,GCCGTA,BFAL,gtseq5,s357,Kure,TRUE
BFAL-KURE-22,BFAL002,F09,GTseq_i7_i12,TACAAG,GTCATC,GTCATC,BFAL,gtseq5,s358,Kure,TRUE
BFAL-KURE-23,BFAL002,G09,GTseq_i7_i12,TACAAG,TCGATT,TCGATT,BFAL,gtseq5,s359,NA,NA
BFAL-KURE-24,BFAL002,H09,GTseq_i7_i12,TACAAG,TTCTAG,TTCTAG,BFAL,gtseq5,s360,NA,NA
BFAL-PCMB-01,BFAL002,A10,GTseq_i7_i12,TACAAG,ACATAC,ACATAC,BFAL,gtseq5,s361,Midway,TRUE
BFAL-PCMB-02,BFAL002,B10,GTseq_i7_i12,TACAAG,ATCAAA,ATCAAA,BFAL,gtseq5,s362,Midway,TRUE
BFAL-PCMB-03,BFAL002,C10,GTseq_i7_i12,TACAAG,CCGAGG,CCGAGG,BFAL,gtseq5,s363,Midway,TRUE
BFAL-PCMB-04,BFAL002,D10,GTseq_i7_i12,TACAAG,CTGGTT,CTGGTT,BFAL,gtseq5,s364,Midway,TRUE
BFAL-PCMB-05,BFAL002,E10,GTseq_i7_i12,TACAAG,GCGACC,GCGACC,BFAL,gtseq5,s365,Midway,TRUE
BFAL-PCMB-06,BFAL002,F10,GTseq_i7_i12,TACAAG,GTGCCT,GTGCCT,BFAL,gtseq5,s366,Midway,TRUE
BFAL-PCMB-07,BFAL002,G10,GTseq_i7_i12,TACAAG,TCGCCA,TCGCCA,BFAL,gtseq5,s367,Midway,TRUE
BFAL-PCMB-08,BFAL002,H10,GTseq_i7_i12,TACAAG,TTGAGC,TTGAGC,BFAL,gtseq5,s368,Midway,TRUE
BFAL-PCMB-09,BFAL002,A11,GTseq_i7_i12,TACAAG,ACCATG,ACCATG,BFAL,gtseq5,s369,Midway,TRUE
BFAL-PCMB-10,BFAL002,B11,GTseq_i7_i12,TACAAG,ATGCAC,ATGCAC,BFAL,gtseq5,s370,Midway,TRUE
BFAL-PCMB-11,BFAL002,C11,GTseq_i7_i12,TACAAG,CCGCAT,CCGCAT,BFAL,gtseq5,s371,Midway,TRUE
BFAL-PCMB-12,BFAL002,D11,GTseq_i7_i12,TACAAG,CTTATG,CTTATG,BFAL,gtseq5,s372,Midway,TRUE
BFAL-PCMB-13,BFAL002,E11,GTseq_i7_i12,TACAAG,GCGCTG,GCGCTG,BFAL,gtseq5,s373,Midway,TRUE
BFAL-PCMB-14,BFAL002,F11,GTseq_i7_i12,TACAAG,GTGTAA,GTGTAA,BFAL,gtseq5,s374,Midway,TRUE
BFAL-PCMB-15,BFAL002,G11,GTseq_i7_i12,TACAAG,TCGGAC,TCGGAC,BFAL,gtseq5,s375,Midway,TRUE
BFAL-PCMB-16,BFAL002,H11,GTseq_i7_i12,TACAAG,TTTAAT,TTTAAT,BFAL,gtseq5,s376,Midway,TRUE
BFAL-PCMB-17,BFAL002,A12,GTseq_i7_i12,TACAAG,ACCCCC,ACCCCC,BFAL,gtseq5,s377,Midway,TRUE
BFAL-PCMB-18,BFAL002,B12,GTseq_i7_i12,TACAAG,ATGTTG,ATGTTG,BFAL,gtseq5,s378,Midway,TRUE
BFAL-PCMB-19,BFAL002,C12,GTseq_i7_i12,TACAAG,CCTAAC,CCTAAC,BFAL,gtseq5,s379,Midway,TRUE
BFAL-PCMB-20,BFAL002,D12,GTseq_i7_i12,TACAAG,CTTTGC,CTTTGC,BFAL,gtseq5,s380,Midway,TRUE
BFAL-PCMB-21,BFAL002,E12,GTseq_i7_i12,TACAAG,GCTCAA,GCTCAA,BFAL,gtseq5,s381,Midway,TRUE
BFAL-PCMB-22,BFAL002,F12,GTseq_i7_i12,TACAAG,GTTGGA,GTTGGA,BFAL,gtseq5,s382,Midway,TRUE
18-0101,BFAL_Plate5,A01,GTseq_i7_i05,CACTGT,AAACGG,AAACGG,BFAL,gtseq6,s1,NA,NA
18-0303,BFAL_Plate5,B01,GTseq_i7_i05,CACTGT,ACTCTT,ACTCTT,BFAL,gtseq6,s2,NA,NA
18-0304,BFAL_Plate5,C01,GTseq_i7_i05,CACTGT,ATTCCG,ATTCCG,BFAL,gtseq6,s3,NA,NA
17-0612,BFAL_Plate5,D01,GTseq_i7_i05,CACTGT,CGAGGC,CGAGGC,BFAL,gtseq6,s4,NA,NA
18-0029,BFAL_Plate5,E01,GTseq_i7_i05,CACTGT,GAAATG,GAAATG,BFAL,gtseq6,s5,NA,NA
18-0030,BFAL_Plate5,F01,GTseq_i7_i05,CACTGT,GGACTT,GGACTT,BFAL,gtseq6,s6,NA,NA
18-0031,BFAL_Plate5,G01,GTseq_i7_i05,CACTGT,TAAGCT,TAAGCT,BFAL,gtseq6,s7,NA,NA
18-0032,BFAL_Plate5,H01,GTseq_i7_i05,CACTGT,TCTTCT,TCTTCT,BFAL,gtseq6,s8,NA,NA
18-0048,BFAL_Plate5,A02,GTseq_i7_i05,CACTGT,AACGTT,AACGTT,BFAL,gtseq6,s9,NA,NA
18-0050,BFAL_Plate5,B02,GTseq_i7_i05,CACTGT,ACTGGC,ACTGGC,BFAL,gtseq6,s10,NA,NA
19-0674,BFAL_Plate5,C02,GTseq_i7_i05,CACTGT,CAAAAA,CAAAAA,BFAL,gtseq6,s11,NA,NA
19-0675,BFAL_Plate5,D02,GTseq_i7_i05,CACTGT,CGCAGA,CGCAGA,BFAL,gtseq6,s12,NA,NA
19-0678,BFAL_Plate5,E02,GTseq_i7_i05,CACTGT,GAACCA,GAACCA,BFAL,gtseq6,s13,NA,NA
19-0679,BFAL_Plate5,F02,GTseq_i7_i05,CACTGT,GGCAAG,GGCAAG,BFAL,gtseq6,s14,NA,NA
19-0680,BFAL_Plate5,G02,GTseq_i7_i05,CACTGT,TAATTC,TAATTC,BFAL,gtseq6,s15,NA,NA
19-0681,BFAL_Plate5,H02,GTseq_i7_i05,CACTGT,TGAACC,TGAACC,BFAL,gtseq6,s16,NA,NA
19-0691,BFAL_Plate5,A03,GTseq_i7_i05,CACTGT,AACTGA,AACTGA,BFAL,gtseq6,s17,NA,NA
19-0694,BFAL_Plate5,B03,GTseq_i7_i05,CACTGT,AGCCAT,AGCCAT,BFAL,gtseq6,s18,NA,NA
19-0730,BFAL_Plate5,C03,GTseq_i7_i05,CACTGT,CAATCG,CAATCG,BFAL,gtseq6,s19,NA,NA
19-0731,BFAL_Plate5,D03,GTseq_i7_i05,CACTGT,CGCGTG,CGCGTG,BFAL,gtseq6,s20,NA,NA
20-0014,BFAL_Plate5,E03,GTseq_i7_i05,CACTGT,GACGAC,GACGAC,BFAL,gtseq6,s21,NA,NA
20-0015,BFAL_Plate5,F03,GTseq_i7_i05,CACTGT,GGGCGC,GGGCGC,BFAL,gtseq6,s22,NA,NA
20-0017,BFAL_Plate5,G03,GTseq_i7_i05,CACTGT,TACACA,TACACA,BFAL,gtseq6,s23,NA,NA
20-0019,BFAL_Plate5,H03,GTseq_i7_i05,CACTGT,TGACAA,TGACAA,BFAL,gtseq6,s24,NA,NA
20-0021,BFAL_Plate5,A04,GTseq_i7_i05,CACTGT,AAGACG,AAGACG,BFAL,gtseq6,s25,NA,NA
20-0022,BFAL_Plate5,B04,GTseq_i7_i05,CACTGT,AGCGCA,AGCGCA,BFAL,gtseq6,s26,NA,NA
20-0023,BFAL_Plate5,C04,GTseq_i7_i05,CACTGT,CACCTC,CACCTC,BFAL,gtseq6,s27,NA,NA
20-0051,BFAL_Plate5,D04,GTseq_i7_i05,CACTGT,CGGTCC,CGGTCC,BFAL,gtseq6,s28,NA,NA
20-0052,BFAL_Plate5,E04,GTseq_i7_i05,CACTGT,GACTCT,GACTCT,BFAL,gtseq6,s29,NA,NA
20-0053,BFAL_Plate5,F04,GTseq_i7_i05,CACTGT,GGGGCG,GGGGCG,BFAL,gtseq6,s30,NA,NA
20-0054,BFAL_Plate5,G04,GTseq_i7_i05,CACTGT,TACGGG,TACGGG,BFAL,gtseq6,s31,NA,NA
20-0055,BFAL_Plate5,H04,GTseq_i7_i05,CACTGT,TGCCCG,TGCCCG,BFAL,gtseq6,s32,NA,NA
20-0057,BFAL_Plate5,A05,GTseq_i7_i05,CACTGT,AAGCTA,AAGCTA,BFAL,gtseq6,s33,NA,NA
20-0058,BFAL_Plate5,B05,GTseq_i7_i05,CACTGT,AGGGTC,AGGGTC,BFAL,gtseq6,s34,NA,NA
20-0059,BFAL_Plate5,C05,GTseq_i7_i05,CACTGT,CAGGCA,CAGGCA,BFAL,gtseq6,s35,NA,NA
20-0060,BFAL_Plate5,D05,GTseq_i7_i05,CACTGT,CGTCTA,CGTCTA,BFAL,gtseq6,s36,NA,NA
20-0066,BFAL_Plate5,E05,GTseq_i7_i05,CACTGT,GAGAGA,GAGAGA,BFAL,gtseq6,s37,NA,NA
20-0067,BFAL_Plate5,F05,GTseq_i7_i05,CACTGT,GGTACA,GGTACA,BFAL,gtseq6,s38,NA,NA
20-0068,BFAL_Plate5,G05,GTseq_i7_i05,CACTGT,TAGTAT,TAGTAT,BFAL,gtseq6,s39,NA,NA
20-0070,BFAL_Plate5,H05,GTseq_i7_i05,CACTGT,TGCTTA,TGCTTA,BFAL,gtseq6,s40,NA,NA
20-0072,BFAL_Plate5,A06,GTseq_i7_i05,CACTGT,AATATC,AATATC,BFAL,gtseq6,s41,NA,NA
20-0079,BFAL_Plate5,B06,GTseq_i7_i05,CACTGT,AGGTGT,AGGTGT,BFAL,gtseq6,s42,NA,NA
20-0080,BFAL_Plate5,C06,GTseq_i7_i05,CACTGT,CATACT,CATACT,BFAL,gtseq6,s43,NA,NA
20-0081,BFAL_Plate5,D06,GTseq_i7_i05,CACTGT,CGTGAT,CGTGAT,BFAL,gtseq6,s44,NA,NA
20-0082,BFAL_Plate5,F06,GTseq_i7_i05,CACTGT,GGTTTG,GGTTTG,BFAL,gtseq6,s46,NA,NA
20-0085,BFAL_Plate5,G06,GTseq_i7_i05,CACTGT,TATCAC,TATCAC,BFAL,gtseq6,s47,NA,NA
20-0086,BFAL_Plate5,H06,GTseq_i7_i05,CACTGT,TGGGGA,TGGGGA,BFAL,gtseq6,s48,NA,NA
20-0088,BFAL_Plate5,A07,GTseq_i7_i05,CACTGT,AATGAG,AATGAG,BFAL,gtseq6,s49,NA,NA
20-0089,BFAL_Plate5,B07,GTseq_i7_i05,CACTGT,AGTAGG,AGTAGG,BFAL,gtseq6,s50,NA,NA
20-0090,BFAL_Plate5,C07,GTseq_i7_i05,CACTGT,CCATTT,CCATTT,BFAL,gtseq6,s51,NA,NA
20-0091,BFAL_Plate5,D07,GTseq_i7_i05,CACTGT,CTACAG,CTACAG,BFAL,gtseq6,s52,NA,NA
20-0092,BFAL_Plate5,E07,GTseq_i7_i05,CACTGT,GCAGAT,GCAGAT,BFAL,gtseq6,s53,NA,NA
20-0093,BFAL_Plate5,F07,GTseq_i7_i05,CACTGT,GTAAGT,GTAAGT,BFAL,gtseq6,s54,NA,NA
20-0094,BFAL_Plate5,G07,GTseq_i7_i05,CACTGT,TCAAAG,TCAAAG,BFAL,gtseq6,s55,NA,NA
20-0097,BFAL_Plate5,H07,GTseq_i7_i05,CACTGT,TTATGA,TTATGA,BFAL,gtseq6,s56,NA,NA
20-0098,BFAL_Plate5,A08,GTseq_i7_i05,CACTGT,ACAAGA,ACAAGA,BFAL,gtseq6,s57,NA,NA
20-0120,BFAL_Plate5,B08,GTseq_i7_i05,CACTGT,AGTTAA,AGTTAA,BFAL,gtseq6,s58,NA,NA
20-0123,BFAL_Plate5,C08,GTseq_i7_i05,CACTGT,CCCGGT,CCCGGT,BFAL,gtseq6,s59,NA,NA
20-0125,BFAL_Plate5,D08,GTseq_i7_i05,CACTGT,CTCGCC,CTCGCC,BFAL,gtseq6,s60,NA,NA
20-0128,BFAL_Plate5,E08,GTseq_i7_i05,CACTGT,GCATGG,GCATGG,BFAL,gtseq6,s61,NA,NA
20-0134,BFAL_Plate5,F08,GTseq_i7_i05,CACTGT,GTATCC,GTATCC,BFAL,gtseq6,s62,NA,NA
20-0138,BFAL_Plate5,G08,GTseq_i7_i05,CACTGT,TCCTGC,TCCTGC,BFAL,gtseq6,s63,NA,NA
20-0146,BFAL_Plate5,H08,GTseq_i7_i05,CACTGT,TTCCGT,TTCCGT,BFAL,gtseq6,s64,NA,NA
20-0148,BFAL_Plate5,A09,GTseq_i7_i05,CACTGT,ACAGCG,ACAGCG,BFAL,gtseq6,s65,NA,NA
20-0149,BFAL_Plate5,B09,GTseq_i7_i05,CACTGT,ATAGTA,ATAGTA,BFAL,gtseq6,s66,NA,NA
20-0150,BFAL_Plate5,C09,GTseq_i7_i05,CACTGT,CCCTAA,CCCTAA,BFAL,gtseq6,s67,NA,NA
20-0151,BFAL_Plate5,D09,GTseq_i7_i05,CACTGT,CTGCGA,CTGCGA,BFAL,gtseq6,s68,NA,NA
20-0153,BFAL_Plate5,E09,GTseq_i7_i05,CACTGT,GCCGTA,GCCGTA,BFAL,gtseq6,s69,NA,NA
20-0154,BFAL_Plate5,F09,GTseq_i7_i05,CACTGT,GTCATC,GTCATC,BFAL,gtseq6,s70,NA,NA
20-0155,BFAL_Plate5,G09,GTseq_i7_i05,CACTGT,TCGATT,TCGATT,BFAL,gtseq6,s71,NA,NA
20-0156,BFAL_Plate5,H09,GTseq_i7_i05,CACTGT,TTCTAG,TTCTAG,BFAL,gtseq6,s72,NA,NA
20-0167,BFAL_Plate5,A10,GTseq_i7_i05,CACTGT,ACATAC,ACATAC,BFAL,gtseq6,s73,NA,NA
20-0168,BFAL_Plate5,B10,GTseq_i7_i05,CACTGT,ATCAAA,ATCAAA,BFAL,gtseq6,s74,NA,NA
20-0205,BFAL_Plate5,C10,GTseq_i7_i05,CACTGT,CCGAGG,CCGAGG,BFAL,gtseq6,s75,NA,NA
20-0206,BFAL_Plate5,D10,GTseq_i7_i05,CACTGT,CTGGTT,CTGGTT,BFAL,gtseq6,s76,NA,NA
20-0245,BFAL_Plate5,E10,GTseq_i7_i05,CACTGT,GCGACC,GCGACC,BFAL,gtseq6,s77,NA,NA
20-0246,BFAL_Plate5,F10,GTseq_i7_i05,CACTGT,GTGCCT,GTGCCT,BFAL,gtseq6,s78,NA,NA
20-0247,BFAL_Plate5,G10,GTseq_i7_i05,CACTGT,TCGCCA,TCGCCA,BFAL,gtseq6,s79,NA,NA
20-0248,BFAL_Plate5,H10,GTseq_i7_i05,CACTGT,TTGAGC,TTGAGC,BFAL,gtseq6,s80,NA,NA
20-0249,BFAL_Plate5,A11,GTseq_i7_i05,CACTGT,ACCATG,ACCATG,BFAL,gtseq6,s81,NA,NA
20-0250,BFAL_Plate5,B11,GTseq_i7_i05,CACTGT,ATGCAC,ATGCAC,BFAL,gtseq6,s82,NA,NA
20-0251,BFAL_Plate5,C11,GTseq_i7_i05,CACTGT,CCGCAT,CCGCAT,BFAL,gtseq6,s83,NA,NA
20-0252,BFAL_Plate5,D11,GTseq_i7_i05,CACTGT,CTTATG,CTTATG,BFAL,gtseq6,s84,NA,NA
20-0253,BFAL_Plate5,E11,GTseq_i7_i05,CACTGT,GCGCTG,GCGCTG,BFAL,gtseq6,s85,NA,NA
20-0255,BFAL_Plate5,F11,GTseq_i7_i05,CACTGT,GTGTAA,GTGTAA,BFAL,gtseq6,s86,NA,NA
20-0297,BFAL_Plate5,G11,GTseq_i7_i05,CACTGT,TCGGAC,TCGGAC,BFAL,gtseq6,s87,NA,NA
20-0298,BFAL_Plate5,H11,GTseq_i7_i05,CACTGT,TTTAAT,TTTAAT,BFAL,gtseq6,s88,NA,NA
20-0299,BFAL_Plate5,A12,GTseq_i7_i05,CACTGT,ACCCCC,ACCCCC,BFAL,gtseq6,s89,NA,NA
20-0305,BFAL_Plate5,B12,GTseq_i7_i05,CACTGT,ATGTTG,ATGTTG,BFAL,gtseq6,s90,NA,NA
20-0306,BFAL_Plate5,C12,GTseq_i7_i05,CACTGT,CCTAAC,CCTAAC,BFAL,gtseq6,s91,NA,NA
20-0307,BFAL_Plate5,D12,GTseq_i7_i05,CACTGT,CTTTGC,CTTTGC,BFAL,gtseq6,s92,NA,NA
20-0308,BFAL_Plate5,E12,GTseq_i7_i05,CACTGT,GCTCAA,GCTCAA,BFAL,gtseq6,s93,NA,NA
20-0309,BFAL_Plate5,F12,GTseq_i7_i05,CACTGT,GTTGGA,GTTGGA,BFAL,gtseq6,s94,NA,NA
20-0310,BFAL_Plate5,G12,GTseq_i7_i05,CACTGT,TCTCGG,TCTCGG,BFAL,gtseq6,s95,NA,NA
20-0311,BFAL_Plate5,H12,GTseq_i7_i05,CACTGT,TTTGTC,TTTGTC,BFAL,gtseq6,s96,NA,NA
20-0312,BFAL_Plate6,A01,GTseek_i06,ATTGGC,Tag_AAACGG,AAACGG,BFAL,gtseq6,s97,NA,NA
20-0313,BFAL_Plate6,B01,GTseek_i06,ATTGGC,Tag_ACTCTT,ACTCTT,BFAL,gtseq6,s98,NA,NA
20-0314,BFAL_Plate6,C01,GTseek_i06,ATTGGC,Tag_ATTCCG,ATTCCG,BFAL,gtseq6,s99,NA,NA
20-0315,BFAL_Plate6,D01,GTseek_i06,ATTGGC,Tag_CGAGGC,CGAGGC,BFAL,gtseq6,s100,NA,NA
20-0317,BFAL_Plate6,E01,GTseek_i06,ATTGGC,Tag_GAAATG,GAAATG,BFAL,gtseq6,s101,NA,NA
20-0346,BFAL_Plate6,F01,GTseek_i06,ATTGGC,Tag_GGACTT,GGACTT,BFAL,gtseq6,s102,NA,NA
20-0356,BFAL_Plate6,G01,GTseek_i06,ATTGGC,Tag_TAAGCT,TAAGCT,BFAL,gtseq6,s103,NA,NA
20-0357,BFAL_Plate6,H01,GTseek_i06,ATTGGC,Tag_TCTTCT,TCTTCT,BFAL,gtseq6,s104,NA,NA
20-0358,BFAL_Plate6,A02,GTseek_i06,ATTGGC,Tag_AACGTT,AACGTT,BFAL,gtseq6,s105,NA,NA
20-0359,BFAL_Plate6,B02,GTseek_i06,ATTGGC,Tag_ACTGGC,ACTGGC,BFAL,gtseq6,s106,NA,NA
20-0377,BFAL_Plate6,C02,GTseek_i06,ATTGGC,Tag_CAAAAA,CAAAAA,BFAL,gtseq6,s107,NA,NA
20-0381,BFAL_Plate6,D02,GTseek_i06,ATTGGC,Tag_CGCAGA,CGCAGA,BFAL,gtseq6,s108,NA,NA
20-0386,BFAL_Plate6,E02,GTseek_i06,ATTGGC,Tag_GAACCA,GAACCA,BFAL,gtseq6,s109,NA,NA
20-0387,BFAL_Plate6,F02,GTseek_i06,ATTGGC,Tag_GGCAAG,GGCAAG,BFAL,gtseq6,s110,NA,NA
20-0388,BFAL_Plate6,G02,GTseek_i06,ATTGGC,Tag_TAATTC,TAATTC,BFAL,gtseq6,s111,NA,NA
20-0395,BFAL_Plate6,H02,GTseek_i06,ATTGGC,Tag_TGAACC,TGAACC,BFAL,gtseq6,s112,NA,NA
20-0396,BFAL_Plate6,A03,GTseek_i06,ATTGGC,Tag_AACTGA,AACTGA,BFAL,gtseq6,s113,NA,NA
20-0397,BFAL_Plate6,B03,GTseek_i06,ATTGGC,Tag_AGCCAT,AGCCAT,BFAL,gtseq6,s114,NA,NA
20-0398,BFAL_Plate6,C03,GTseek_i06,ATTGGC,Tag_CAATCG,CAATCG,BFAL,gtseq6,s115,NA,NA
20-0399,BFAL_Plate6,D03,GTseek_i06,ATTGGC,Tag_CGCGTG,CGCGTG,BFAL,gtseq6,s116,NA,NA
20-0400,BFAL_Plate6,E03,GTseek_i06,ATTGGC,Tag_GACGAC,GACGAC,BFAL,gtseq6,s117,NA,NA
20-0401,BFAL_Plate6,F03,GTseek_i06,ATTGGC,Tag_GGGCGC,GGGCGC,BFAL,gtseq6,s118,NA,NA
20-0422,BFAL_Plate6,G03,GTseek_i06,ATTGGC,Tag_TACACA,TACACA,BFAL,gtseq6,s119,NA,NA
20-0423,BFAL_Plate6,H03,GTseek_i06,ATTGGC,Tag_TGACAA,TGACAA,BFAL,gtseq6,s120,NA,NA
20-0424,BFAL_Plate6,A04,GTseek_i06,ATTGGC,Tag_AAGACG,AAGACG,BFAL,gtseq6,s121,NA,NA
20-0425,BFAL_Plate6,B04,GTseek_i06,ATTGGC,Tag_AGCGCA,AGCGCA,BFAL,gtseq6,s122,NA,NA
20-0426,BFAL_Plate6,C04,GTseek_i06,ATTGGC,Tag_CACCTC,CACCTC,BFAL,gtseq6,s123,NA,NA
20-0427,BFAL_Plate6,D04,GTseek_i06,ATTGGC,Tag_CGGTCC,CGGTCC,BFAL,gtseq6,s124,NA,NA
20-0493,BFAL_Plate6,E04,GTseek_i06,ATTGGC,Tag_GACTCT,GACTCT,BFAL,gtseq6,s125,NA,NA
20-0494,BFAL_Plate6,F04,GTseek_i06,ATTGGC,Tag_GGGGCG,GGGGCG,BFAL,gtseq6,s126,NA,NA
20-0495,BFAL_Plate6,G04,GTseek_i06,ATTGGC,Tag_TACGGG,TACGGG,BFAL,gtseq6,s127,NA,NA
20-0496,BFAL_Plate6,H04,GTseek_i06,ATTGGC,Tag_TGCCCG,TGCCCG,BFAL,gtseq6,s128,NA,NA
20-0497,BFAL_Plate6,A05,GTseek_i06,ATTGGC,Tag_AAGCTA,AAGCTA,BFAL,gtseq6,s129,NA,NA
20-0498,BFAL_Plate6,B05,GTseek_i06,ATTGGC,Tag_AGGGTC,AGGGTC,BFAL,gtseq6,s130,NA,NA
20-0500,BFAL_Plate6,C05,GTseek_i06,ATTGGC,Tag_CAGGCA,CAGGCA,BFAL,gtseq6,s131,NA,NA
20-0502,BFAL_Plate6,D05,GTseek_i06,ATTGGC,Tag_CGTCTA,CGTCTA,BFAL,gtseq6,s132,NA,NA
21-0044,BFAL_Plate6,E05,GTseek_i06,ATTGGC,Tag_GAGAGA,GAGAGA,BFAL,gtseq6,s133,NA,NA
21-0045,BFAL_Plate6,F05,GTseek_i06,ATTGGC,Tag_GGTACA,GGTACA,BFAL,gtseq6,s134,NA,NA
21-0046,BFAL_Plate6,G05,GTseek_i06,ATTGGC,Tag_TAGTAT,TAGTAT,BFAL,gtseq6,s135,NA,NA
21-0047,BFAL_Plate6,H05,GTseek_i06,ATTGGC,Tag_TGCTTA,TGCTTA,BFAL,gtseq6,s136,NA,NA
21-0049,BFAL_Plate6,A06,GTseek_i06,ATTGGC,Tag_AATATC,AATATC,BFAL,gtseq6,s137,NA,NA
21-0050,BFAL_Plate6,B06,GTseek_i06,ATTGGC,Tag_AGGTGT,AGGTGT,BFAL,gtseq6,s138,NA,NA
21-0051,BFAL_Plate6,C06,GTseek_i06,ATTGGC,Tag_CATACT,CATACT,BFAL,gtseq6,s139,NA,NA
21-0069,BFAL_Plate6,D06,GTseek_i06,ATTGGC,Tag_CGTGAT,CGTGAT,BFAL,gtseq6,s140,NA,NA
21-0273,BFAL_Plate6,F06,GTseek_i06,ATTGGC,Tag_GGTTTG,GGTTTG,BFAL,gtseq6,s142,NA,NA
21-0274,BFAL_Plate6,G06,GTseek_i06,ATTGGC,Tag_TATCAC,TATCAC,BFAL,gtseq6,s143,NA,NA
21-0275,BFAL_Plate6,H06,GTseek_i06,ATTGGC,Tag_TGGGGA,TGGGGA,BFAL,gtseq6,s144,NA,NA
21-0276,BFAL_Plate6,A07,GTseek_i06,ATTGGC,Tag_AATGAG,AATGAG,BFAL,gtseq6,s145,NA,NA
21-0277,BFAL_Plate6,B07,GTseek_i06,ATTGGC,Tag_AGTAGG,AGTAGG,BFAL,gtseq6,s146,NA,NA
21-0278,BFAL_Plate6,C07,GTseek_i06,ATTGGC,Tag_CCATTT,CCATTT,BFAL,gtseq6,s147,NA,NA
21-0279,BFAL_Plate6,D07,GTseek_i06,ATTGGC,Tag_CTACAG,CTACAG,BFAL,gtseq6,s148,NA,NA
21-0280,BFAL_Plate6,E07,GTseek_i06,ATTGGC,Tag_GCAGAT,GCAGAT,BFAL,gtseq6,s149,NA,NA
21-0281,BFAL_Plate6,F07,GTseek_i06,ATTGGC,Tag_GTAAGT,GTAAGT,BFAL,gtseq6,s150,NA,NA
21-0282,BFAL_Plate6,G07,GTseek_i06,ATTGGC,Tag_TCAAAG,TCAAAG,BFAL,gtseq6,s151,NA,NA
21-0283,BFAL_Plate6,H07,GTseek_i06,ATTGGC,Tag_TTATGA,TTATGA,BFAL,gtseq6,s152,NA,NA
21-0284,BFAL_Plate6,A08,GTseek_i06,ATTGGC,Tag_ACAAGA,ACAAGA,BFAL,gtseq6,s153,NA,NA
21-0285,BFAL_Plate6,B08,GTseek_i06,ATTGGC,Tag_AGTTAA,AGTTAA,BFAL,gtseq6,s154,NA,NA
21-0286,BFAL_Plate6,C08,GTseek_i06,ATTGGC,Tag_CCCGGT,CCCGGT,BFAL,gtseq6,s155,NA,NA
21-0288,BFAL_Plate6,D08,GTseek_i06,ATTGGC,Tag_CTCGCC,CTCGCC,BFAL,gtseq6,s156,NA,NA
21-0289,BFAL_Plate6,E08,GTseek_i06,ATTGGC,Tag_GCATGG,GCATGG,BFAL,gtseq6,s157,NA,NA
21-0290,BFAL_Plate6,F08,GTseek_i06,ATTGGC,Tag_GTATCC,GTATCC,BFAL,gtseq6,s158,NA,NA
21-0314,BFAL_Plate6,G08,GTseek_i06,ATTGGC,Tag_TCCTGC,TCCTGC,BFAL,gtseq6,s159,NA,NA
21-0315,BFAL_Plate6,H08,GTseek_i06,ATTGGC,Tag_TTCCGT,TTCCGT,BFAL,gtseq6,s160,NA,NA
21-0316,BFAL_Plate6,A09,GTseek_i06,ATTGGC,Tag_ACAGCG,ACAGCG,BFAL,gtseq6,s161,NA,NA
21-0317,BFAL_Plate6,B09,GTseek_i06,ATTGGC,Tag_ATAGTA,ATAGTA,BFAL,gtseq6,s162,NA,NA
21-0318,BFAL_Plate6,C09,GTseek_i06,ATTGGC,Tag_CCCTAA,CCCTAA,BFAL,gtseq6,s163,NA,NA
21-0319,BFAL_Plate6,D09,GTseek_i06,ATTGGC,Tag_CTGCGA,CTGCGA,BFAL,gtseq6,s164,NA,NA
22-0100,BFAL_Plate6,E09,GTseek_i06,ATTGGC,Tag_GCCGTA,GCCGTA,BFAL,gtseq6,s165,NA,NA
22-0101,BFAL_Plate6,F09,GTseek_i06,ATTGGC,Tag_GTCATC,GTCATC,BFAL,gtseq6,s166,NA,NA
22-0106,BFAL_Plate6,G09,GTseek_i06,ATTGGC,Tag_TCGATT,TCGATT,BFAL,gtseq6,s167,NA,NA
22-0107,BFAL_Plate6,H09,GTseek_i06,ATTGGC,Tag_TTCTAG,TTCTAG,BFAL,gtseq6,s168,NA,NA
22-0128,BFAL_Plate6,A10,GTseek_i06,ATTGGC,Tag_ACATAC,ACATAC,BFAL,gtseq6,s169,NA,NA
22-0129,BFAL_Plate6,B10,GTseek_i06,ATTGGC,Tag_ATCAAA,ATCAAA,BFAL,gtseq6,s170,NA,NA
22-0130,BFAL_Plate6,C10,GTseek_i06,ATTGGC,Tag_CCGAGG,CCGAGG,BFAL,gtseq6,s171,NA,NA
22-0131,BFAL_Plate6,D10,GTseek_i06,ATTGGC,Tag_CTGGTT,CTGGTT,BFAL,gtseq6,s172,NA,NA
19-0660,BFAL_Plate6,E10,GTseek_i06,ATTGGC,Tag_GCGACC,GCGACC,BFAL,gtseq6,s173,NA,NA
19-0661,BFAL_Plate6,F10,GTseek_i06,ATTGGC,Tag_GTGCCT,GTGCCT,BFAL,gtseq6,s174,NA,NA
19-0662,BFAL_Plate6,G10,GTseek_i06,ATTGGC,Tag_TCGCCA,TCGCCA,BFAL,gtseq6,s175,NA,NA
19-0663,BFAL_Plate6,H10,GTseek_i06,ATTGGC,Tag_TTGAGC,TTGAGC,BFAL,gtseq6,s176,NA,NA
19-0664,BFAL_Plate6,A11,GTseek_i06,ATTGGC,Tag_ACCATG,ACCATG,BFAL,gtseq6,s177,NA,NA
19-0670,BFAL_Plate6,B11,GTseek_i06,ATTGGC,Tag_ATGCAC,ATGCAC,BFAL,gtseq6,s178,NA,NA
19-0671,BFAL_Plate6,C11,GTseek_i06,ATTGGC,Tag_CCGCAT,CCGCAT,BFAL,gtseq6,s179,NA,NA
19-0564,BFAL_Plate6,D11,GTseek_i06,ATTGGC,Tag_CTTATG,CTTATG,BFAL,gtseq6,s180,NA,NA
19-0565,BFAL_Plate6,E11,GTseek_i06,ATTGGC,Tag_GCGCTG,GCGCTG,BFAL,gtseq6,s181,NA,NA
19-0566,BFAL_Plate6,F11,GTseek_i06,ATTGGC,Tag_GTGTAA,GTGTAA,BFAL,gtseq6,s182,NA,NA
19-0588,BFAL_Plate6,G11,GTseek_i06,ATTGGC,Tag_TCGGAC,TCGGAC,BFAL,gtseq6,s183,NA,NA
19-0589,BFAL_Plate6,H11,GTseek_i06,ATTGGC,Tag_TTTAAT,TTTAAT,BFAL,gtseq6,s184,NA,NA
19-0590,BFAL_Plate6,A12,GTseek_i06,ATTGGC,Tag_ACCCCC,ACCCCC,BFAL,gtseq6,s185,NA,NA
19-0634,BFAL_Plate6,B12,GTseek_i06,ATTGGC,Tag_ATGTTG,ATGTTG,BFAL,gtseq6,s186,NA,NA
19-0635,BFAL_Plate6,C12,GTseek_i06,ATTGGC,Tag_CCTAAC,CCTAAC,BFAL,gtseq6,s187,NA,NA
19-0521,BFAL_Plate6,D12,GTseek_i06,ATTGGC,Tag_CTTTGC,CTTTGC,BFAL,gtseq6,s188,NA,NA
19-0526,BFAL_Plate6,E12,GTseek_i06,ATTGGC,Tag_GCTCAA,GCTCAA,BFAL,gtseq6,s189,NA,NA
19-0527,BFAL_Plate6,F12,GTseek_i06,ATTGGC,Tag_GTTGGA,GTTGGA,BFAL,gtseq6,s190,NA,NA
19-0528,BFAL_Plate6,G12,GTseek_i06,ATTGGC,Tag_TCTCGG,TCTCGG,BFAL,gtseq6,s191,NA,NA
19-0529,BFAL_Plate6,H12,GTseek_i06,ATTGGC,Tag_TTTGTC,TTTGTC,BFAL,gtseq6,s192,NA,NA
16-0405,BFAL_Plate3,A01,GTseek_i03,GCCTAA,Tag_AAACGG,AAACGG,BFAL,gtseq6,s193,NA,NA
16-0406,BFAL_Plate3,B01,GTseek_i03,GCCTAA,Tag_ACTCTT,ACTCTT,BFAL,gtseq6,s194,NA,NA
16-0407,BFAL_Plate3,C01,GTseek_i03,GCCTAA,Tag_ATTCCG,ATTCCG,BFAL,gtseq6,s195,NA,NA
16-0408,BFAL_Plate3,D01,GTseek_i03,GCCTAA,Tag_CGAGGC,CGAGGC,BFAL,gtseq6,s196,NA,NA
16-0412,BFAL_Plate3,E01,GTseek_i03,GCCTAA,Tag_GAAATG,GAAATG,BFAL,gtseq6,s197,NA,NA
16-0413,BFAL_Plate3,F01,GTseek_i03,GCCTAA,Tag_GGACTT,GGACTT,BFAL,gtseq6,s198,NA,NA
16-0338,BFAL_Plate3,G01,GTseek_i03,GCCTAA,Tag_TAAGCT,TAAGCT,BFAL,gtseq6,s199,NA,NA
16-0339,BFAL_Plate3,H01,GTseek_i03,GCCTAA,Tag_TCTTCT,TCTTCT,BFAL,gtseq6,s200,NA,NA
16-0340,BFAL_Plate3,A02,GTseek_i03,GCCTAA,Tag_AACGTT,AACGTT,BFAL,gtseq6,s201,NA,NA
16-0342,BFAL_Plate3,B02,GTseek_i03,GCCTAA,Tag_ACTGGC,ACTGGC,BFAL,gtseq6,s202,NA,NA
16-0362,BFAL_Plate3,C02,GTseek_i03,GCCTAA,Tag_CAAAAA,CAAAAA,BFAL,gtseq6,s203,NA,NA
16-0361,BFAL_Plate3,D02,GTseek_i03,GCCTAA,Tag_CGCAGA,CGCAGA,BFAL,gtseq6,s204,NA,NA
16-0360,BFAL_Plate3,E02,GTseek_i03,GCCTAA,Tag_GAACCA,GAACCA,BFAL,gtseq6,s205,NA,NA
16-0363,BFAL_Plate3,F02,GTseek_i03,GCCTAA,Tag_GGCAAG,GGCAAG,BFAL,gtseq6,s206,NA,NA
16-0365,BFAL_Plate3,G02,GTseek_i03,GCCTAA,Tag_TAATTC,TAATTC,BFAL,gtseq6,s207,NA,NA
16-0367,BFAL_Plate3,H02,GTseek_i03,GCCTAA,Tag_TGAACC,TGAACC,BFAL,gtseq6,s208,NA,NA
16-0368,BFAL_Plate3,A03,GTseek_i03,GCCTAA,Tag_AACTGA,AACTGA,BFAL,gtseq6,s209,NA,NA
16-0372,BFAL_Plate3,B03,GTseek_i03,GCCTAA,Tag_AGCCAT,AGCCAT,BFAL,gtseq6,s210,NA,NA
16-0374,BFAL_Plate3,C03,GTseek_i03,GCCTAA,Tag_CAATCG,CAATCG,BFAL,gtseq6,s211,NA,NA
16-0375,BFAL_Plate3,D03,GTseek_i03,GCCTAA,Tag_CGCGTG,CGCGTG,BFAL,gtseq6,s212,NA,NA
16-0376,BFAL_Plate3,E03,GTseek_i03,GCCTAA,Tag_GACGAC,GACGAC,BFAL,gtseq6,s213,NA,NA
16-0377,BFAL_Plate3,F03,GTseek_i03,GCCTAA,Tag_GGGCGC,GGGCGC,BFAL,gtseq6,s214,NA,NA
16-0411,BFAL_Plate3,G03,GTseek_i03,GCCTAA,Tag_TACACA,TACACA,BFAL,gtseq6,s215,NA,NA
16-0414,BFAL_Plate3,H03,GTseek_i03,GCCTAA,Tag_TGACAA,TGACAA,BFAL,gtseq6,s216,NA,NA
16-0415,BFAL_Plate3,A04,GTseek_i03,GCCTAA,Tag_AAGACG,AAGACG,BFAL,gtseq6,s217,NA,NA
16-0416,BFAL_Plate3,B04,GTseek_i03,GCCTAA,Tag_AGCGCA,AGCGCA,BFAL,gtseq6,s218,NA,NA
16-0595,BFAL_Plate3,C04,GTseek_i03,GCCTAA,Tag_CACCTC,CACCTC,BFAL,gtseq6,s219,NA,NA
16-0596,BFAL_Plate3,D04,GTseek_i03,GCCTAA,Tag_CGGTCC,CGGTCC,BFAL,gtseq6,s220,NA,NA
16-0597,BFAL_Plate3,E04,GTseek_i03,GCCTAA,Tag_GACTCT,GACTCT,BFAL,gtseq6,s221,NA,NA
16-0598,BFAL_Plate3,F04,GTseek_i03,GCCTAA,Tag_GGGGCG,GGGGCG,BFAL,gtseq6,s222,NA,NA
16-0599,BFAL_Plate3,G04,GTseek_i03,GCCTAA,Tag_TACGGG,TACGGG,BFAL,gtseq6,s223,NA,NA
16-0600,BFAL_Plate3,H04,GTseek_i03,GCCTAA,Tag_TGCCCG,TGCCCG,BFAL,gtseq6,s224,NA,NA
16-0601,BFAL_Plate3,A05,GTseek_i03,GCCTAA,Tag_AAGCTA,AAGCTA,BFAL,gtseq6,s225,NA,NA
16-0602,BFAL_Plate3,B05,GTseek_i03,GCCTAA,Tag_AGGGTC,AGGGTC,BFAL,gtseq6,s226,NA,NA
16-0603,BFAL_Plate3,C05,GTseek_i03,GCCTAA,Tag_CAGGCA,CAGGCA,BFAL,gtseq6,s227,NA,NA
16-0568,BFAL_Plate3,D05,GTseek_i03,GCCTAA,Tag_CGTCTA,CGTCTA,BFAL,gtseq6,s228,NA,NA
16-0571,BFAL_Plate3,E05,GTseek_i03,GCCTAA,Tag_GAGAGA,GAGAGA,BFAL,gtseq6,s229,NA,NA
16-0572,BFAL_Plate3,F05,GTseek_i03,GCCTAA,Tag_GGTACA,GGTACA,BFAL,gtseq6,s230,NA,NA
16-0573,BFAL_Plate3,G05,GTseek_i03,GCCTAA,Tag_TAGTAT,TAGTAT,BFAL,gtseq6,s231,NA,NA
16-0574,BFAL_Plate3,H05,GTseek_i03,GCCTAA,Tag_TGCTTA,TGCTTA,BFAL,gtseq6,s232,NA,NA
16-0575,BFAL_Plate3,A06,GTseek_i03,GCCTAA,Tag_AATATC,AATATC,BFAL,gtseq6,s233,NA,NA
16-0576,BFAL_Plate3,B06,GTseek_i03,GCCTAA,Tag_AGGTGT,AGGTGT,BFAL,gtseq6,s234,NA,NA
16-0577,BFAL_Plate3,C06,GTseek_i03,GCCTAA,Tag_CATACT,CATACT,BFAL,gtseq6,s235,NA,NA
16-0578,BFAL_Plate3,D06,GTseek_i03,GCCTAA,Tag_CGTGAT,CGTGAT,BFAL,gtseq6,s236,NA,NA
16-0579,BFAL_Plate3,F06,GTseek_i03,GCCTAA,Tag_GGTTTG,GGTTTG,BFAL,gtseq6,s238,NA,NA
16-0593,BFAL_Plate3,G06,GTseek_i03,GCCTAA,Tag_TATCAC,TATCAC,BFAL,gtseq6,s239,NA,NA
16-0594,BFAL_Plate3,H06,GTseek_i03,GCCTAA,Tag_TGGGGA,TGGGGA,BFAL,gtseq6,s240,NA,NA
16-0371,BFAL_Plate3,A07,GTseek_i03,GCCTAA,Tag_AATGAG,AATGAG,BFAL,gtseq6,s241,NA,NA
16-0378,BFAL_Plate3,B07,GTseek_i03,GCCTAA,Tag_AGTAGG,AGTAGG,BFAL,gtseq6,s242,NA,NA
16-0379,BFAL_Plate3,C07,GTseek_i03,GCCTAA,Tag_CCATTT,CCATTT,BFAL,gtseq6,s243,NA,NA
16-0382,BFAL_Plate3,D07,GTseek_i03,GCCTAA,Tag_CTACAG,CTACAG,BFAL,gtseq6,s244,NA,NA
16-0384,BFAL_Plate3,E07,GTseek_i03,GCCTAA,Tag_GCAGAT,GCAGAT,BFAL,gtseq6,s245,NA,NA
16-0385,BFAL_Plate3,F07,GTseek_i03,GCCTAA,Tag_GTAAGT,GTAAGT,BFAL,gtseq6,s246,NA,NA
16-0386,BFAL_Plate3,G07,GTseek_i03,GCCTAA,Tag_TCAAAG,TCAAAG,BFAL,gtseq6,s247,NA,NA
16-0387,BFAL_Plate3,H07,GTseek_i03,GCCTAA,Tag_TTATGA,TTATGA,BFAL,gtseq6,s248,NA,NA
16-0388,BFAL_Plate3,A08,GTseek_i03,GCCTAA,Tag_ACAAGA,ACAAGA,BFAL,gtseq6,s249,NA,NA
16-0391,BFAL_Plate3,B08,GTseek_i03,GCCTAA,Tag_AGTTAA,AGTTAA,BFAL,gtseq6,s250,NA,NA
16-0392,BFAL_Plate3,C08,GTseek_i03,GCCTAA,Tag_CCCGGT,CCCGGT,BFAL,gtseq6,s251,NA,NA
16-0409,BFAL_Plate3,D08,GTseek_i03,GCCTAA,Tag_CTCGCC,CTCGCC,BFAL,gtseq6,s252,NA,NA
16-0555,BFAL_Plate3,E08,GTseek_i03,GCCTAA,Tag_GCATGG,GCATGG,BFAL,gtseq6,s253,NA,NA
16-0556,BFAL_Plate3,F08,GTseek_i03,GCCTAA,Tag_GTATCC,GTATCC,BFAL,gtseq6,s254,NA,NA
16-0557,BFAL_Plate3,G08,GTseek_i03,GCCTAA,Tag_TCCTGC,TCCTGC,BFAL,gtseq6,s255,NA,NA
16-0558,BFAL_Plate3,H08,GTseek_i03,GCCTAA,Tag_TTCCGT,TTCCGT,BFAL,gtseq6,s256,NA,NA
16-0559,BFAL_Plate3,A09,GTseek_i03,GCCTAA,Tag_ACAGCG,ACAGCG,BFAL,gtseq6,s257,NA,NA
16-0560,BFAL_Plate3,B09,GTseek_i03,GCCTAA,Tag_ATAGTA,ATAGTA,BFAL,gtseq6,s258,NA,NA
16-0561,BFAL_Plate3,C09,GTseek_i03,GCCTAA,Tag_CCCTAA,CCCTAA,BFAL,gtseq6,s259,NA,NA
16-0562,BFAL_Plate3,D09,GTseek_i03,GCCTAA,Tag_CTGCGA,CTGCGA,BFAL,gtseq6,s260,NA,NA
16-0563,BFAL_Plate3,E09,GTseek_i03,GCCTAA,Tag_GCCGTA,GCCGTA,BFAL,gtseq6,s261,NA,NA
16-0566,BFAL_Plate3,F09,GTseek_i03,GCCTAA,Tag_GTCATC,GTCATC,BFAL,gtseq6,s262,NA,NA
16-0321,BFAL_Plate3,G09,GTseek_i03,GCCTAA,Tag_TCGATT,TCGATT,BFAL,gtseq6,s263,NA,NA
16-0322,BFAL_Plate3,H09,GTseek_i03,GCCTAA,Tag_TTCTAG,TTCTAG,BFAL,gtseq6,s264,NA,NA
16-0323,BFAL_Plate3,A10,GTseek_i03,GCCTAA,Tag_ACATAC,ACATAC,BFAL,gtseq6,s265,NA,NA
16-0324,BFAL_Plate3,B10,GTseek_i03,GCCTAA,Tag_ATCAAA,ATCAAA,BFAL,gtseq6,s266,NA,NA
16-0325,BFAL_Plate3,C10,GTseek_i03,GCCTAA,Tag_CCGAGG,CCGAGG,BFAL,gtseq6,s267,NA,NA
16-0326,BFAL_Plate3,D10,GTseek_i03,GCCTAA,Tag_CTGGTT,CTGGTT,BFAL,gtseq6,s268,NA,NA
16-0328,BFAL_Plate3,E10,GTseek_i03,GCCTAA,Tag_GCGACC,GCGACC,BFAL,gtseq6,s269,NA,NA
16-0329,BFAL_Plate3,F10,GTseek_i03,GCCTAA,Tag_GTGCCT,GTGCCT,BFAL,gtseq6,s270,NA,NA
16-0332,BFAL_Plate3,G10,GTseek_i03,GCCTAA,Tag_TCGCCA,TCGCCA,BFAL,gtseq6,s271,NA,NA
16-0334,BFAL_Plate3,H10,GTseek_i03,GCCTAA,Tag_TTGAGC,TTGAGC,BFAL,gtseq6,s272,NA,NA
16-0335,BFAL_Plate3,A11,GTseek_i03,GCCTAA,Tag_ACCATG,ACCATG,BFAL,gtseq6,s273,NA,NA
18-0476,BFAL_Plate3,B11,GTseek_i03,GCCTAA,Tag_ATGCAC,ATGCAC,BFAL,gtseq6,s274,NA,NA
18-0477,BFAL_Plate3,C11,GTseek_i03,GCCTAA,Tag_CCGCAT,CCGCAT,BFAL,gtseq6,s275,NA,NA
18-0478,BFAL_Plate3,D11,GTseek_i03,GCCTAA,Tag_CTTATG,CTTATG,BFAL,gtseq6,s276,NA,NA
18-0479,BFAL_Plate3,E11,GTseek_i03,GCCTAA,Tag_GCGCTG,GCGCTG,BFAL,gtseq6,s277,NA,NA
18-0480,BFAL_Plate3,F11,GTseek_i03,GCCTAA,Tag_GTGTAA,GTGTAA,BFAL,gtseq6,s278,NA,NA
18-0481,BFAL_Plate3,G11,GTseek_i03,GCCTAA,Tag_TCGGAC,TCGGAC,BFAL,gtseq6,s279,NA,NA
18-0482,BFAL_Plate3,H11,GTseek_i03,GCCTAA,Tag_TTTAAT,TTTAAT,BFAL,gtseq6,s280,NA,NA
18-0483,BFAL_Plate3,A12,GTseek_i03,GCCTAA,Tag_ACCCCC,ACCCCC,BFAL,gtseq6,s281,NA,NA
18-0484,BFAL_Plate3,B12,GTseek_i03,GCCTAA,Tag_ATGTTG,ATGTTG,BFAL,gtseq6,s282,NA,NA
18-0485,BFAL_Plate3,C12,GTseek_i03,GCCTAA,Tag_CCTAAC,CCTAAC,BFAL,gtseq6,s283,NA,NA
18-0506,BFAL_Plate3,D12,GTseek_i03,GCCTAA,Tag_CTTTGC,CTTTGC,BFAL,gtseq6,s284,NA,NA
18-0507,BFAL_Plate3,E12,GTseek_i03,GCCTAA,Tag_GCTCAA,GCTCAA,BFAL,gtseq6,s285,NA,NA
18-0508,BFAL_Plate3,F12,GTseek_i03,GCCTAA,Tag_GTTGGA,GTTGGA,BFAL,gtseq6,s286,NA,NA
18-0509,BFAL_Plate3,G12,GTseek_i03,GCCTAA,Tag_TCTCGG,TCTCGG,BFAL,gtseq6,s287,NA,NA
18-0514,BFAL_Plate3,H12,GTseek_i03,GCCTAA,Tag_TTTGTC,TTTGTC,BFAL,gtseq6,s288,NA,NA
18-0518,BFAL_Plate4,A01,GTseek_i04,TGGTCA,Tag_AAACGG,AAACGG,BFAL,gtseq6,s289,NA,NA
19-0092,BFAL_Plate4,B01,GTseek_i04,TGGTCA,Tag_ACTCTT,ACTCTT,BFAL,gtseq6,s290,NA,NA
19-0093,BFAL_Plate4,C01,GTseek_i04,TGGTCA,Tag_ATTCCG,ATTCCG,BFAL,gtseq6,s291,NA,NA
18-0487,BFAL_Plate4,D01,GTseek_i04,TGGTCA,Tag_CGAGGC,CGAGGC,BFAL,gtseq6,s292,NA,NA
18-0488,BFAL_Plate4,E01,GTseek_i04,TGGTCA,Tag_GAAATG,GAAATG,BFAL,gtseq6,s293,NA,NA
18-0493,BFAL_Plate4,F01,GTseek_i04,TGGTCA,Tag_GGACTT,GGACTT,BFAL,gtseq6,s294,NA,NA
19-0094,BFAL_Plate4,G01,GTseek_i04,TGGTCA,Tag_TAAGCT,TAAGCT,BFAL,gtseq6,s295,NA,NA
19-0095,BFAL_Plate4,H01,GTseek_i04,TGGTCA,Tag_TCTTCT,TCTTCT,BFAL,gtseq6,s296,NA,NA
19-0096,BFAL_Plate4,A02,GTseek_i04,TGGTCA,Tag_AACGTT,AACGTT,BFAL,gtseq6,s297,NA,NA
19-0097,BFAL_Plate4,B02,GTseek_i04,TGGTCA,Tag_ACTGGC,ACTGGC,BFAL,gtseq6,s298,NA,NA
19-0098,BFAL_Plate4,C02,GTseek_i04,TGGTCA,Tag_CAAAAA,CAAAAA,BFAL,gtseq6,s299,NA,NA
19-0099,BFAL_Plate4,D02,GTseek_i04,TGGTCA,Tag_CGCAGA,CGCAGA,BFAL,gtseq6,s300,NA,NA
19-0100,BFAL_Plate4,E02,GTseek_i04,TGGTCA,Tag_GAACCA,GAACCA,BFAL,gtseq6,s301,NA,NA
19-0101,BFAL_Plate4,F02,GTseek_i04,TGGTCA,Tag_GGCAAG,GGCAAG,BFAL,gtseq6,s302,NA,NA
19-0102,BFAL_Plate4,G02,GTseek_i04,TGGTCA,Tag_TAATTC,TAATTC,BFAL,gtseq6,s303,NA,NA
19-0103,BFAL_Plate4,H02,GTseek_i04,TGGTCA,Tag_TGAACC,TGAACC,BFAL,gtseq6,s304,NA,NA
19-0104,BFAL_Plate4,A03,GTseek_i04,TGGTCA,Tag_AACTGA,AACTGA,BFAL,gtseq6,s305,NA,NA
19-0105,BFAL_Plate4,B03,GTseek_i04,TGGTCA,Tag_AGCCAT,AGCCAT,BFAL,gtseq6,s306,NA,NA
19-0108,BFAL_Plate4,C03,GTseek_i04,TGGTCA,Tag_CAATCG,CAATCG,BFAL,gtseq6,s307,NA,NA
19-0109,BFAL_Plate4,D03,GTseek_i04,TGGTCA,Tag_CGCGTG,CGCGTG,BFAL,gtseq6,s308,NA,NA
19-0110,BFAL_Plate4,E03,GTseek_i04,TGGTCA,Tag_GACGAC,GACGAC,BFAL,gtseq6,s309,NA,NA
19-0112,BFAL_Plate4,F03,GTseek_i04,TGGTCA,Tag_GGGCGC,GGGCGC,BFAL,gtseq6,s310,NA,NA
19-0113,BFAL_Plate4,G03,GTseek_i04,TGGTCA,Tag_TACACA,TACACA,BFAL,gtseq6,s311,NA,NA
19-0114,BFAL_Plate4,H03,GTseek_i04,TGGTCA,Tag_TGACAA,TGACAA,BFAL,gtseq6,s312,NA,NA
19-0115,BFAL_Plate4,A04,GTseek_i04,TGGTCA,Tag_AAGACG,AAGACG,BFAL,gtseq6,s313,NA,NA
19-0116,BFAL_Plate4,B04,GTseek_i04,TGGTCA,Tag_AGCGCA,AGCGCA,BFAL,gtseq6,s314,NA,NA
19-0117,BFAL_Plate4,C04,GTseek_i04,TGGTCA,Tag_CACCTC,CACCTC,BFAL,gtseq6,s315,NA,NA
19-0118,BFAL_Plate4,D04,GTseek_i04,TGGTCA,Tag_CGGTCC,CGGTCC,BFAL,gtseq6,s316,NA,NA
19-0119,BFAL_Plate4,E04,GTseek_i04,TGGTCA,Tag_GACTCT,GACTCT,BFAL,gtseq6,s317,NA,NA
19-0153,BFAL_Plate4,F04,GTseek_i04,TGGTCA,Tag_GGGGCG,GGGGCG,BFAL,gtseq6,s318,NA,NA
19-0154,BFAL_Plate4,G04,GTseek_i04,TGGTCA,Tag_TACGGG,TACGGG,BFAL,gtseq6,s319,NA,NA
19-0155,BFAL_Plate4,H04,GTseek_i04,TGGTCA,Tag_TGCCCG,TGCCCG,BFAL,gtseq6,s320,NA,NA
19-0156,BFAL_Plate4,A05,GTseek_i04,TGGTCA,Tag_AAGCTA,AAGCTA,BFAL,gtseq6,s321,NA,NA
19-0157,BFAL_Plate4,B05,GTseek_i04,TGGTCA,Tag_AGGGTC,AGGGTC,BFAL,gtseq6,s322,NA,NA
19-0160,BFAL_Plate4,C05,GTseek_i04,TGGTCA,Tag_CAGGCA,CAGGCA,BFAL,gtseq6,s323,NA,NA
19-0161,BFAL_Plate4,D05,GTseek_i04,TGGTCA,Tag_CGTCTA,CGTCTA,BFAL,gtseq6,s324,NA,NA
19-0162,BFAL_Plate4,E05,GTseek_i04,TGGTCA,Tag_GAGAGA,GAGAGA,BFAL,gtseq6,s325,NA,NA
19-0163,BFAL_Plate4,F05,GTseek_i04,TGGTCA,Tag_GGTACA,GGTACA,BFAL,gtseq6,s326,NA,NA
19-0164,BFAL_Plate4,G05,GTseek_i04,TGGTCA,Tag_TAGTAT,TAGTAT,BFAL,gtseq6,s327,NA,NA
19-0169,BFAL_Plate4,H05,GTseek_i04,TGGTCA,Tag_TGCTTA,TGCTTA,BFAL,gtseq6,s328,NA,NA
19-0170,BFAL_Plate4,A06,GTseek_i04,TGGTCA,Tag_AATATC,AATATC,BFAL,gtseq6,s329,NA,NA
19-0182,BFAL_Plate4,B06,GTseek_i04,TGGTCA,Tag_AGGTGT,AGGTGT,BFAL,gtseq6,s330,NA,NA
19-0293,BFAL_Plate4,C06,GTseek_i04,TGGTCA,Tag_CATACT,CATACT,BFAL,gtseq6,s331,NA,NA
19-0164,BFAL_Plate4,D06,GTseek_i04,TGGTCA,Tag_CGTGAT,CGTGAT,BFAL,gtseq6,s332,NA,NA
19-0171,BFAL_Plate4,F06,GTseek_i04,TGGTCA,Tag_GGTTTG,GGTTTG,BFAL,gtseq6,s334,NA,NA
19-0172,BFAL_Plate4,G06,GTseek_i04,TGGTCA,Tag_TATCAC,TATCAC,BFAL,gtseq6,s335,NA,NA
19-0173,BFAL_Plate4,H06,GTseek_i04,TGGTCA,Tag_TGGGGA,TGGGGA,BFAL,gtseq6,s336,NA,NA
19-0174,BFAL_Plate4,A07,GTseek_i04,TGGTCA,Tag_AATGAG,AATGAG,BFAL,gtseq6,s337,NA,NA
19-0175,BFAL_Plate4,B07,GTseek_i04,TGGTCA,Tag_AGTAGG,AGTAGG,BFAL,gtseq6,s338,NA,NA
19-0176,BFAL_Plate4,C07,GTseek_i04,TGGTCA,Tag_CCATTT,CCATTT,BFAL,gtseq6,s339,NA,NA
19-0177,BFAL_Plate4,D07,GTseek_i04,TGGTCA,Tag_CTACAG,CTACAG,BFAL,gtseq6,s340,NA,NA
19-0178,BFAL_Plate4,E07,GTseek_i04,TGGTCA,Tag_GCAGAT,GCAGAT,BFAL,gtseq6,s341,NA,NA
19-0180,BFAL_Plate4,F07,GTseek_i04,TGGTCA,Tag_GTAAGT,GTAAGT,BFAL,gtseq6,s342,NA,NA
19-0181,BFAL_Plate4,G07,GTseek_i04,TGGTCA,Tag_TCAAAG,TCAAAG,BFAL,gtseq6,s343,NA,NA
19-0183,BFAL_Plate4,H07,GTseek_i04,TGGTCA,Tag_TTATGA,TTATGA,BFAL,gtseq6,s344,NA,NA
19-0184,BFAL_Plate4,A08,GTseek_i04,TGGTCA,Tag_ACAAGA,ACAAGA,BFAL,gtseq6,s345,NA,NA
19-0263,BFAL_Plate4,B08,GTseek_i04,TGGTCA,Tag_AGTTAA,AGTTAA,BFAL,gtseq6,s346,NA,NA
19-0264,BFAL_Plate4,C08,GTseek_i04,TGGTCA,Tag_CCCGGT,CCCGGT,BFAL,gtseq6,s347,NA,NA
19-0266,BFAL_Plate4,D08,GTseek_i04,TGGTCA,Tag_CTCGCC,CTCGCC,BFAL,gtseq6,s348,NA,NA
19-0267,BFAL_Plate4,E08,GTseek_i04,TGGTCA,Tag_GCATGG,GCATGG,BFAL,gtseq6,s349,NA,NA
19-0269,BFAL_Plate4,F08,GTseek_i04,TGGTCA,Tag_GTATCC,GTATCC,BFAL,gtseq6,s350,NA,NA
19-0291,BFAL_Plate4,G08,GTseek_i04,TGGTCA,Tag_TCCTGC,TCCTGC,BFAL,gtseq6,s351,NA,NA
19-0292,BFAL_Plate4,H08,GTseek_i04,TGGTCA,Tag_TTCCGT,TTCCGT,BFAL,gtseq6,s352,NA,NA
19-0294,BFAL_Plate4,A09,GTseek_i04,TGGTCA,Tag_ACAGCG,ACAGCG,BFAL,gtseq6,s353,NA,NA
19-0295,BFAL_Plate4,B09,GTseek_i04,TGGTCA,Tag_ATAGTA,ATAGTA,BFAL,gtseq6,s354,NA,NA
19-0296,BFAL_Plate4,C09,GTseek_i04,TGGTCA,Tag_CCCTAA,CCCTAA,BFAL,gtseq6,s355,NA,NA
19-0297,BFAL_Plate4,D09,GTseek_i04,TGGTCA,Tag_CTGCGA,CTGCGA,BFAL,gtseq6,s356,NA,NA
19-0299,BFAL_Plate4,E09,GTseek_i04,TGGTCA,Tag_GCCGTA,GCCGTA,BFAL,gtseq6,s357,NA,NA
19-0302,BFAL_Plate4,F09,GTseek_i04,TGGTCA,Tag_GTCATC,GTCATC,BFAL,gtseq6,s358,NA,NA
19-0304,BFAL_Plate4,G09,GTseek_i04,TGGTCA,Tag_TCGATT,TCGATT,BFAL,gtseq6,s359,NA,NA
19-0306,BFAL_Plate4,H09,GTseek_i04,TGGTCA,Tag_TTCTAG,TTCTAG,BFAL,gtseq6,s360,NA,NA
19-0307,BFAL_Plate4,A10,GTseek_i04,TGGTCA,Tag_ACATAC,ACATAC,BFAL,gtseq6,s361,NA,NA
19-0314,BFAL_Plate4,B10,GTseek_i04,TGGTCA,Tag_ATCAAA,ATCAAA,BFAL,gtseq6,s362,NA,NA
19-0315,BFAL_Plate4,C10,GTseek_i04,TGGTCA,Tag_CCGAGG,CCGAGG,BFAL,gtseq6,s363,NA,NA
19-0316,BFAL_Plate4,D10,GTseek_i04,TGGTCA,Tag_CTGGTT,CTGGTT,BFAL,gtseq6,s364,NA,NA
19-0317,BFAL_Plate4,E10,GTseek_i04,TGGTCA,Tag_GCGACC,GCGACC,BFAL,gtseq6,s365,NA,NA
19-0318,BFAL_Plate4,F10,GTseek_i04,TGGTCA,Tag_GTGCCT,GTGCCT,BFAL,gtseq6,s366,NA,NA
19-0319,BFAL_Plate4,G10,GTseek_i04,TGGTCA,Tag_TCGCCA,TCGCCA,BFAL,gtseq6,s367,NA,NA
19-0368,BFAL_Plate4,H10,GTseek_i04,TGGTCA,Tag_TTGAGC,TTGAGC,BFAL,gtseq6,s368,NA,NA
19-0369,BFAL_Plate4,A11,GTseek_i04,TGGTCA,Tag_ACCATG,ACCATG,BFAL,gtseq6,s369,NA,NA
19-0499,BFAL_Plate4,B11,GTseek_i04,TGGTCA,Tag_ATGCAC,ATGCAC,BFAL,gtseq6,s370,NA,NA
18-0305,BFAL_Plate4,C11,GTseek_i04,TGGTCA,Tag_CCGCAT,CCGCAT,BFAL,gtseq6,s371,NA,NA
18-0306,BFAL_Plate4,D11,GTseek_i04,TGGTCA,Tag_CTTATG,CTTATG,BFAL,gtseq6,s372,NA,NA
18-0307,BFAL_Plate4,E11,GTseek_i04,TGGTCA,Tag_GCGCTG,GCGCTG,BFAL,gtseq6,s373,NA,NA
18-0308,BFAL_Plate4,F11,GTseek_i04,TGGTCA,Tag_GTGTAA,GTGTAA,BFAL,gtseq6,s374,NA,NA
18-0309,BFAL_Plate4,G11,GTseek_i04,TGGTCA,Tag_TCGGAC,TCGGAC,BFAL,gtseq6,s375,NA,NA
18-0370,BFAL_Plate4,H11,GTseek_i04,TGGTCA,Tag_TTTAAT,TTTAAT,BFAL,gtseq6,s376,NA,NA
18-0473,BFAL_Plate4,A12,GTseek_i04,TGGTCA,Tag_ACCCCC,ACCCCC,BFAL,gtseq6,s377,NA,NA
18-0474,BFAL_Plate4,B12,GTseek_i04,TGGTCA,Tag_ATGTTG,ATGTTG,BFAL,gtseq6,s378,NA,NA
18-0475,BFAL_Plate4,C12,GTseek_i04,TGGTCA,Tag_CCTAAC,CCTAAC,BFAL,gtseq6,s379,NA,NA
18-0053,BFAL_Plate4,D12,GTseek_i04,TGGTCA,Tag_CTTTGC,CTTTGC,BFAL,gtseq6,s380,NA,NA
18-0054,BFAL_Plate4,E12,GTseek_i04,TGGTCA,Tag_GCTCAA,GCTCAA,BFAL,gtseq6,s381,NA,NA
18-0055,BFAL_Plate4,F12,GTseek_i04,TGGTCA,Tag_GTTGGA,GTTGGA,BFAL,gtseq6,s382,NA,NA
18-0056,BFAL_Plate4,G12,GTseek_i04,TGGTCA,Tag_TCTCGG,TCTCGG,BFAL,gtseq6,s383,NA,NA
18-0057,BFAL_Plate4,H12,GTseek_i04,TGGTCA,Tag_TTTGTC,TTTGTC,BFAL,gtseq6,s384,NA,NA
19-0533,BFAL_Plate7,A01,GTseq_i7_i07,GATCTG,Tag_AAACGG,AAACGG,BFAL,gtseq7,s1,NA,NA
19-0562,BFAL_Plate7,B01,GTseq_i7_i07,GATCTG,Tag_ACTCTT,ACTCTT,BFAL,gtseq7,s2,NA,NA
19-0563,BFAL_Plate7,C01,GTseq_i7_i07,GATCTG,Tag_ATTCCG,ATTCCG,BFAL,gtseq7,s3,NA,NA
13-0940,BFAL_Plate7,D01,GTseq_i7_i07,GATCTG,Tag_CGAGGC,CGAGGC,BFAL,gtseq7,s4,NA,NA
13-0999,BFAL_Plate7,E01,GTseq_i7_i07,GATCTG,Tag_GAAATG,GAAATG,BFAL,gtseq7,s5,NA,NA
13-1097,BFAL_Plate7,F01,GTseq_i7_i07,GATCTG,Tag_GGACTT,GGACTT,BFAL,gtseq7,s6,NA,NA
13-1087,BFAL_Plate7,G01,GTseq_i7_i07,GATCTG,Tag_TAAGCT,TAAGCT,BFAL,gtseq7,s7,NA,NA
13-1100,BFAL_Plate7,H01,GTseq_i7_i07,GATCTG,Tag_TCTTCT,TCTTCT,BFAL,gtseq7,s8,NA,NA
13-1101,BFAL_Plate7,A02,GTseq_i7_i07,GATCTG,Tag_AACGTT,AACGTT,BFAL,gtseq7,s9,NA,NA
13-1105,BFAL_Plate7,B02,GTseq_i7_i07,GATCTG,Tag_ACTGGC,ACTGGC,BFAL,gtseq7,s10,NA,NA
13-1176,BFAL_Plate7,C02,GTseq_i7_i07,GATCTG,Tag_CAAAAA,CAAAAA,BFAL,gtseq7,s11,NA,NA
13-1177,BFAL_Plate7,D02,GTseq_i7_i07,GATCTG,Tag_CGCAGA,CGCAGA,BFAL,gtseq7,s12,NA,NA
13-1178,BFAL_Plate7,E02,GTseq_i7_i07,GATCTG,Tag_GAACCA,GAACCA,BFAL,gtseq7,s13,NA,NA
13-1179,BFAL_Plate7,F02,GTseq_i7_i07,GATCTG,Tag_GGCAAG,GGCAAG,BFAL,gtseq7,s14,NA,NA
08-1139,BFAL_Plate7,G02,GTseq_i7_i07,GATCTG,Tag_TAATTC,TAATTC,BFAL,gtseq7,s15,NA,NA
08-1140,BFAL_Plate7,H02,GTseq_i7_i07,GATCTG,Tag_TGAACC,TGAACC,BFAL,gtseq7,s16,NA,NA
08-1148,BFAL_Plate7,A03,GTseq_i7_i07,GATCTG,Tag_AACTGA,AACTGA,BFAL,gtseq7,s17,NA,NA
08-1844,BFAL_Plate7,B03,GTseq_i7_i07,GATCTG,Tag_AGCCAT,AGCCAT,BFAL,gtseq7,s18,NA,NA
08-2149,BFAL_Plate7,C03,GTseq_i7_i07,GATCTG,Tag_CAATCG,CAATCG,BFAL,gtseq7,s19,NA,NA
08-2150,BFAL_Plate7,D03,GTseq_i7_i07,GATCTG,Tag_CGCGTG,CGCGTG,BFAL,gtseq7,s20,NA,NA
08-2152,BFAL_Plate7,E03,GTseq_i7_i07,GATCTG,Tag_GACGAC,GACGAC,BFAL,gtseq7,s21,NA,NA
08-2169,BFAL_Plate7,F03,GTseq_i7_i07,GATCTG,Tag_GGGCGC,GGGCGC,BFAL,gtseq7,s22,NA,NA
08-2174,BFAL_Plate7,G03,GTseq_i7_i07,GATCTG,Tag_TACACA,TACACA,BFAL,gtseq7,s23,NA,NA
08-2176,BFAL_Plate7,H03,GTseq_i7_i07,GATCTG,Tag_TGACAA,TGACAA,BFAL,gtseq7,s24,NA,NA
13-1184,BFAL_Plate7,A04,GTseq_i7_i07,GATCTG,Tag_AAGACG,AAGACG,BFAL,gtseq7,s25,NA,NA
13-1185,BFAL_Plate7,B04,GTseq_i7_i07,GATCTG,Tag_AGCGCA,AGCGCA,BFAL,gtseq7,s26,NA,NA
13-1188,BFAL_Plate7,C04,GTseq_i7_i07,GATCTG,Tag_CACCTC,CACCTC,BFAL,gtseq7,s27,NA,NA
13-1191,BFAL_Plate7,D04,GTseq_i7_i07,GATCTG,Tag_CGGTCC,CGGTCC,BFAL,gtseq7,s28,NA,NA
13-1194,BFAL_Plate7,E04,GTseq_i7_i07,GATCTG,Tag_GACTCT,GACTCT,BFAL,gtseq7,s29,NA,NA
13-1195,BFAL_Plate7,F04,GTseq_i7_i07,GATCTG,Tag_GGGGCG,GGGGCG,BFAL,gtseq7,s30,NA,NA
13-1196,BFAL_Plate7,G04,GTseq_i7_i07,GATCTG,Tag_TACGGG,TACGGG,BFAL,gtseq7,s31,NA,NA
13-1197,BFAL_Plate7,H04,GTseq_i7_i07,GATCTG,Tag_TGCCCG,TGCCCG,BFAL,gtseq7,s32,NA,NA
13-1199,BFAL_Plate7,A05,GTseq_i7_i07,GATCTG,Tag_AAGCTA,AAGCTA,BFAL,gtseq7,s33,NA,NA
13-1200,BFAL_Plate7,B05,GTseq_i7_i07,GATCTG,Tag_AGGGTC,AGGGTC,BFAL,gtseq7,s34,NA,NA
13-1201,BFAL_Plate7,C05,GTseq_i7_i07,GATCTG,Tag_CAGGCA,CAGGCA,BFAL,gtseq7,s35,NA,NA
13-1202,BFAL_Plate7,D05,GTseq_i7_i07,GATCTG,Tag_CGTCTA,CGTCTA,BFAL,gtseq7,s36,NA,NA
08-2177,BFAL_Plate7,E05,GTseq_i7_i07,GATCTG,Tag_GAGAGA,GAGAGA,BFAL,gtseq7,s37,NA,NA
09-0421,BFAL_Plate7,F05,GTseq_i7_i07,GATCTG,Tag_GGTACA,GGTACA,BFAL,gtseq7,s38,NA,NA
09-0422,BFAL_Plate7,G05,GTseq_i7_i07,GATCTG,Tag_TAGTAT,TAGTAT,BFAL,gtseq7,s39,NA,NA
10-0217,BFAL_Plate7,H05,GTseq_i7_i07,GATCTG,Tag_TGCTTA,TGCTTA,BFAL,gtseq7,s40,NA,NA
10-0226,BFAL_Plate7,A06,GTseq_i7_i07,GATCTG,Tag_AATATC,AATATC,BFAL,gtseq7,s41,NA,NA
10-0228,BFAL_Plate7,B06,GTseq_i7_i07,GATCTG,Tag_AGGTGT,AGGTGT,BFAL,gtseq7,s42,NA,NA
10-0229,BFAL_Plate7,C06,GTseq_i7_i07,GATCTG,Tag_CATACT,CATACT,BFAL,gtseq7,s43,NA,NA
10-0230,BFAL_Plate7,D06,GTseq_i7_i07,GATCTG,Tag_CGTGAT,CGTGAT,BFAL,gtseq7,s44,NA,NA
10-0234,BFAL_Plate7,F06,GTseq_i7_i07,GATCTG,Tag_GGTTTG,GGTTTG,BFAL,gtseq7,s46,NA,NA
10-0240,BFAL_Plate7,G06,GTseq_i7_i07,GATCTG,Tag_TATCAC,TATCAC,BFAL,gtseq7,s47,NA,NA
13-0951,BFAL_Plate7,H06,GTseq_i7_i07,GATCTG,Tag_TGGGGA,TGGGGA,BFAL,gtseq7,s48,NA,NA
13-0952,BFAL_Plate7,A07,GTseq_i7_i07,GATCTG,Tag_AATGAG,AATGAG,BFAL,gtseq7,s49,NA,NA
13-0958,BFAL_Plate7,B07,GTseq_i7_i07,GATCTG,Tag_AGTAGG,AGTAGG,BFAL,gtseq7,s50,NA,NA
13-0964,BFAL_Plate7,C07,GTseq_i7_i07,GATCTG,Tag_CCATTT,CCATTT,BFAL,gtseq7,s51,NA,NA
13-0969,BFAL_Plate7,D07,GTseq_i7_i07,GATCTG,Tag_CTACAG,CTACAG,BFAL,gtseq7,s52,NA,NA
13-0981,BFAL_Plate7,E07,GTseq_i7_i07,GATCTG,Tag_GCAGAT,GCAGAT,BFAL,gtseq7,s53,NA,NA
13-0986,BFAL_Plate7,F07,GTseq_i7_i07,GATCTG,Tag_GTAAGT,GTAAGT,BFAL,gtseq7,s54,NA,NA
13-0992,BFAL_Plate7,G07,GTseq_i7_i07,GATCTG,Tag_TCAAAG,TCAAAG,BFAL,gtseq7,s55,NA,NA
13-0993,BFAL_Plate7,H07,GTseq_i7_i07,GATCTG,Tag_TTATGA,TTATGA,BFAL,gtseq7,s56,NA,NA
13-0995,BFAL_Plate7,A08,GTseq_i7_i07,GATCTG,Tag_ACAAGA,ACAAGA,BFAL,gtseq7,s57,NA,NA
13-0997,BFAL_Plate7,B08,GTseq_i7_i07,GATCTG,Tag_AGTTAA,AGTTAA,BFAL,gtseq7,s58,NA,NA
13-0998,BFAL_Plate7,C08,GTseq_i7_i07,GATCTG,Tag_CCCGGT,CCCGGT,BFAL,gtseq7,s59,NA,NA
10-0242,BFAL_Plate7,D08,GTseq_i7_i07,GATCTG,Tag_CTCGCC,CTCGCC,BFAL,gtseq7,s60,NA,NA
11-0594,BFAL_Plate7,E08,GTseq_i7_i07,GATCTG,Tag_GCATGG,GCATGG,BFAL,gtseq7,s61,NA,NA
11-0607,BFAL_Plate7,F08,GTseq_i7_i07,GATCTG,Tag_GTATCC,GTATCC,BFAL,gtseq7,s62,NA,NA
11-0608,BFAL_Plate7,G08,GTseq_i7_i07,GATCTG,Tag_TCCTGC,TCCTGC,BFAL,gtseq7,s63,NA,NA
11-0614,BFAL_Plate7,H08,GTseq_i7_i07,GATCTG,Tag_TTCCGT,TTCCGT,BFAL,gtseq7,s64,NA,NA
11-0627,BFAL_Plate7,A09,GTseq_i7_i07,GATCTG,Tag_ACAGCG,ACAGCG,BFAL,gtseq7,s65,NA,NA
11-0646,BFAL_Plate7,B09,GTseq_i7_i07,GATCTG,Tag_ATAGTA,ATAGTA,BFAL,gtseq7,s66,NA,NA
11-0703,BFAL_Plate7,C09,GTseq_i7_i07,GATCTG,Tag_CCCTAA,CCCTAA,BFAL,gtseq7,s67,NA,NA
11-0705,BFAL_Plate7,D09,GTseq_i7_i07,GATCTG,Tag_CTGCGA,CTGCGA,BFAL,gtseq7,s68,NA,NA
11-0716,BFAL_Plate7,E09,GTseq_i7_i07,GATCTG,Tag_GCCGTA,GCCGTA,BFAL,gtseq7,s69,NA,NA
15-0308,BFAL_Plate7,F09,GTseq_i7_i07,GATCTG,Tag_GTCATC,GTCATC,BFAL,gtseq7,s70,NA,NA
15-0309,BFAL_Plate7,G09,GTseq_i7_i07,GATCTG,Tag_TCGATT,TCGATT,BFAL,gtseq7,s71,NA,NA
15-0310,BFAL_Plate7,H09,GTseq_i7_i07,GATCTG,Tag_TTCTAG,TTCTAG,BFAL,gtseq7,s72,NA,NA
15-0311,BFAL_Plate7,A10,GTseq_i7_i07,GATCTG,Tag_ACATAC,ACATAC,BFAL,gtseq7,s73,NA,NA
15-0313,BFAL_Plate7,B10,GTseq_i7_i07,GATCTG,Tag_ATCAAA,ATCAAA,BFAL,gtseq7,s74,NA,NA
15-0314,BFAL_Plate7,C10,GTseq_i7_i07,GATCTG,Tag_CCGAGG,CCGAGG,BFAL,gtseq7,s75,NA,NA
15-0315,BFAL_Plate7,D10,GTseq_i7_i07,GATCTG,Tag_CTGGTT,CTGGTT,BFAL,gtseq7,s76,NA,NA
15-0318,BFAL_Plate7,E10,GTseq_i7_i07,GATCTG,Tag_GCGACC,GCGACC,BFAL,gtseq7,s77,NA,NA
15-0319,BFAL_Plate7,F10,GTseq_i7_i07,GATCTG,Tag_GTGCCT,GTGCCT,BFAL,gtseq7,s78,NA,NA
15-0325,BFAL_Plate7,G10,GTseq_i7_i07,GATCTG,Tag_TCGCCA,TCGCCA,BFAL,gtseq7,s79,NA,NA
15-0327,BFAL_Plate7,H10,GTseq_i7_i07,GATCTG,Tag_TTGAGC,TTGAGC,BFAL,gtseq7,s80,NA,NA
15-0328,BFAL_Plate7,A11,GTseq_i7_i07,GATCTG,Tag_ACCATG,ACCATG,BFAL,gtseq7,s81,NA,NA
15-0329,BFAL_Plate7,B11,GTseq_i7_i07,GATCTG,Tag_ATGCAC,ATGCAC,BFAL,gtseq7,s82,NA,NA
15-0330,BFAL_Plate7,C11,GTseq_i7_i07,GATCTG,Tag_CCGCAT,CCGCAT,BFAL,gtseq7,s83,NA,NA
15-0331,BFAL_Plate7,D11,GTseq_i7_i07,GATCTG,Tag_CTTATG,CTTATG,BFAL,gtseq7,s84,NA,NA
15-0332,BFAL_Plate7,E11,GTseq_i7_i07,GATCTG,Tag_GCGCTG,GCGCTG,BFAL,gtseq7,s85,NA,NA
15-0333,BFAL_Plate7,F11,GTseq_i7_i07,GATCTG,Tag_GTGTAA,GTGTAA,BFAL,gtseq7,s86,NA,NA
15-0334,BFAL_Plate7,G11,GTseq_i7_i07,GATCTG,Tag_TCGGAC,TCGGAC,BFAL,gtseq7,s87,NA,NA
15-0352,BFAL_Plate7,H11,GTseq_i7_i07,GATCTG,Tag_TTTAAT,TTTAAT,BFAL,gtseq7,s88,NA,NA
15-0384,BFAL_Plate7,A12,GTseq_i7_i07,GATCTG,Tag_ACCCCC,ACCCCC,BFAL,gtseq7,s89,NA,NA
15-0389,BFAL_Plate7,B12,GTseq_i7_i07,GATCTG,Tag_ATGTTG,ATGTTG,BFAL,gtseq7,s90,NA,NA
15-0390,BFAL_Plate7,C12,GTseq_i7_i07,GATCTG,Tag_CCTAAC,CCTAAC,BFAL,gtseq7,s91,NA,NA
15-0453,BFAL_Plate7,D12,GTseq_i7_i07,GATCTG,Tag_CTTTGC,CTTTGC,BFAL,gtseq7,s92,NA,NA
15-0460,BFAL_Plate7,E12,GTseq_i7_i07,GATCTG,Tag_GCTCAA,GCTCAA,BFAL,gtseq7,s93,NA,NA
17-0340,BFAL_Plate7,F12,GTseq_i7_i07,GATCTG,Tag_GTTGGA,GTTGGA,BFAL,gtseq7,s94,NA,NA
17-0350,BFAL_Plate7,G12,GTseq_i7_i07,GATCTG,Tag_TCTCGG,TCTCGG,BFAL,gtseq7,s95,NA,NA
17-0436,BFAL_Plate7,H12,GTseq_i7_i07,GATCTG,Tag_TTTGTC,TTTGTC,BFAL,gtseq7,s96,NA,NA
17-0438,BFAL_Plate8,A01,GTseq_i7_i08,TCAAGT,Tag_AAACGG,AAACGG,BFAL,gtseq7,s97,NA,NA
17-0439,BFAL_Plate8,B01,GTseq_i7_i08,TCAAGT,Tag_ACTCTT,ACTCTT,BFAL,gtseq7,s98,NA,NA
14-0447,BFAL_Plate8,C01,GTseq_i7_i08,TCAAGT,Tag_ATTCCG,ATTCCG,BFAL,gtseq7,s99,NA,NA
14-0449,BFAL_Plate8,D01,GTseq_i7_i08,TCAAGT,Tag_CGAGGC,CGAGGC,BFAL,gtseq7,s100,NA,NA
14-0451,BFAL_Plate8,E01,GTseq_i7_i08,TCAAGT,Tag_GAAATG,GAAATG,BFAL,gtseq7,s101,NA,NA
14-0453,BFAL_Plate8,F01,GTseq_i7_i08,TCAAGT,Tag_GGACTT,GGACTT,BFAL,gtseq7,s102,NA,NA
14-0470,BFAL_Plate8,G01,GTseq_i7_i08,TCAAGT,Tag_TAAGCT,TAAGCT,BFAL,gtseq7,s103,NA,NA
14-0471,BFAL_Plate8,H01,GTseq_i7_i08,TCAAGT,Tag_TCTTCT,TCTTCT,BFAL,gtseq7,s104,NA,NA
14-0472,BFAL_Plate8,A02,GTseq_i7_i08,TCAAGT,Tag_AACGTT,AACGTT,BFAL,gtseq7,s105,NA,NA
14-0473,BFAL_Plate8,B02,GTseq_i7_i08,TCAAGT,Tag_ACTGGC,ACTGGC,BFAL,gtseq7,s106,NA,NA
14-0746,BFAL_Plate8,C02,GTseq_i7_i08,TCAAGT,Tag_CAAAAA,CAAAAA,BFAL,gtseq7,s107,NA,NA
14-0747,BFAL_Plate8,D02,GTseq_i7_i08,TCAAGT,Tag_CGCAGA,CGCAGA,BFAL,gtseq7,s108,NA,NA
14-0748,BFAL_Plate8,E02,GTseq_i7_i08,TCAAGT,Tag_GAACCA,GAACCA,BFAL,gtseq7,s109,NA,NA
14-0752,BFAL_Plate8,F02,GTseq_i7_i08,TCAAGT,Tag_GGCAAG,GGCAAG,BFAL,gtseq7,s110,NA,NA
15-0227,BFAL_Plate8,G02,GTseq_i7_i08,TCAAGT,Tag_TAATTC,TAATTC,BFAL,gtseq7,s111,NA,NA
15-0229,BFAL_Plate8,H02,GTseq_i7_i08,TCAAGT,Tag_TGAACC,TGAACC,BFAL,gtseq7,s112,NA,NA
15-0230,BFAL_Plate8,A03,GTseq_i7_i08,TCAAGT,Tag_AACTGA,AACTGA,BFAL,gtseq7,s113,NA,NA
15-0231,BFAL_Plate8,B03,GTseq_i7_i08,TCAAGT,Tag_AGCCAT,AGCCAT,BFAL,gtseq7,s114,NA,NA
11-0717,BFAL_Plate8,C03,GTseq_i7_i08,TCAAGT,Tag_CAATCG,CAATCG,BFAL,gtseq7,s115,NA,NA
11-0875,BFAL_Plate8,D03,GTseq_i7_i08,TCAAGT,Tag_CGCGTG,CGCGTG,BFAL,gtseq7,s116,NA,NA
11-0885,BFAL_Plate8,E03,GTseq_i7_i08,TCAAGT,Tag_GACGAC,GACGAC,BFAL,gtseq7,s117,NA,NA
12-0145,BFAL_Plate8,F03,GTseq_i7_i08,TCAAGT,Tag_GGGCGC,GGGCGC,BFAL,gtseq7,s118,NA,NA
12-0156,BFAL_Plate8,G03,GTseq_i7_i08,TCAAGT,Tag_TACACA,TACACA,BFAL,gtseq7,s119,NA,NA
12-0239,BFAL_Plate8,H03,GTseq_i7_i08,TCAAGT,Tag_TGACAA,TGACAA,BFAL,gtseq7,s120,NA,NA
12-0237,BFAL_Plate8,A04,GTseq_i7_i08,TCAAGT,Tag_AAGACG,AAGACG,BFAL,gtseq7,s121,NA,NA
12-0243,BFAL_Plate8,B04,GTseq_i7_i08,TCAAGT,Tag_AGCGCA,AGCGCA,BFAL,gtseq7,s122,NA,NA
12-0244,BFAL_Plate8,C04,GTseq_i7_i08,TCAAGT,Tag_CACCTC,CACCTC,BFAL,gtseq7,s123,NA,NA
12-0246,BFAL_Plate8,D04,GTseq_i7_i08,TCAAGT,Tag_CGGTCC,CGGTCC,BFAL,gtseq7,s124,NA,NA
12-0258,BFAL_Plate8,E04,GTseq_i7_i08,TCAAGT,Tag_GACTCT,GACTCT,BFAL,gtseq7,s125,NA,NA
14-0425,BFAL_Plate8,F04,GTseq_i7_i08,TCAAGT,Tag_GGGGCG,GGGGCG,BFAL,gtseq7,s126,NA,NA
14-0434,BFAL_Plate8,G04,GTseq_i7_i08,TCAAGT,Tag_TACGGG,TACGGG,BFAL,gtseq7,s127,NA,NA
14-0445,BFAL_Plate8,H04,GTseq_i7_i08,TCAAGT,Tag_TGCCCG,TGCCCG,BFAL,gtseq7,s128,NA,NA
14-0546,BFAL_Plate8,A05,GTseq_i7_i08,TCAAGT,Tag_AAGCTA,AAGCTA,BFAL,gtseq7,s129,NA,NA
14-0547,BFAL_Plate8,B05,GTseq_i7_i08,TCAAGT,Tag_AGGGTC,AGGGTC,BFAL,gtseq7,s130,NA,NA
14-0548,BFAL_Plate8,C05,GTseq_i7_i08,TCAAGT,Tag_CAGGCA,CAGGCA,BFAL,gtseq7,s131,NA,NA
14-0549,BFAL_Plate8,D05,GTseq_i7_i08,TCAAGT,Tag_CGTCTA,CGTCTA,BFAL,gtseq7,s132,NA,NA
14-0740,BFAL_Plate8,E05,GTseq_i7_i08,TCAAGT,Tag_GAGAGA,GAGAGA,BFAL,gtseq7,s133,NA,NA
14-0741,BFAL_Plate8,F05,GTseq_i7_i08,TCAAGT,Tag_GGTACA,GGTACA,BFAL,gtseq7,s134,NA,NA
14-0743,BFAL_Plate8,G05,GTseq_i7_i08,TCAAGT,Tag_TAGTAT,TAGTAT,BFAL,gtseq7,s135,NA,NA
14-0744,BFAL_Plate8,H05,GTseq_i7_i08,TCAAGT,Tag_TGCTTA,TGCTTA,BFAL,gtseq7,s136,NA,NA
14-0745,BFAL_Plate8,A06,GTseq_i7_i08,TCAAGT,Tag_AATATC,AATATC,BFAL,gtseq7,s137,NA,NA
13-0537,BFAL_Plate8,B06,GTseq_i7_i08,TCAAGT,Tag_AGGTGT,AGGTGT,BFAL,gtseq7,s138,NA,NA
13-0539,BFAL_Plate8,C06,GTseq_i7_i08,TCAAGT,Tag_CATACT,CATACT,BFAL,gtseq7,s139,NA,NA
13-0946,BFAL_Plate8,D06,GTseq_i7_i08,TCAAGT,Tag_CGTGAT,CGTGAT,BFAL,gtseq7,s140,NA,NA
13-0947,BFAL_Plate8,F06,GTseq_i7_i08,TCAAGT,Tag_GGTTTG,GGTTTG,BFAL,gtseq7,s142,NA,NA
13-0949,BFAL_Plate8,G06,GTseq_i7_i08,TCAAGT,Tag_TATCAC,TATCAC,BFAL,gtseq7,s143,NA,NA
13-0950,BFAL_Plate8,H06,GTseq_i7_i08,TCAAGT,Tag_TGGGGA,TGGGGA,BFAL,gtseq7,s144,NA,NA
13-0977,BFAL_Plate8,A07,GTseq_i7_i08,TCAAGT,Tag_AATGAG,AATGAG,BFAL,gtseq7,s145,NA,NA
13-0978,BFAL_Plate8,B07,GTseq_i7_i08,TCAAGT,Tag_AGTAGG,AGTAGG,BFAL,gtseq7,s146,NA,NA
21-0173,BFAL_Plate8,C07,GTseq_i7_i08,TCAAGT,Tag_CCATTT,CCATTT,BFAL,gtseq7,s147,Laysan,TRUE
21-0075,BFAL_Plate8,D07,GTseq_i7_i08,TCAAGT,Tag_CTACAG,CTACAG,BFAL,gtseq7,s148,Tern,TRUE
21-0078,BFAL_Plate8,E07,GTseq_i7_i08,TCAAGT,Tag_GCAGAT,GCAGAT,BFAL,gtseq7,s149,Tern,TRUE
21-0102,BFAL_Plate8,F07,GTseq_i7_i08,TCAAGT,Tag_GTAAGT,GTAAGT,BFAL,gtseq7,s150,Tern,TRUE
21-0162,BFAL_Plate8,G07,GTseq_i7_i08,TCAAGT,Tag_TCAAAG,TCAAAG,BFAL,gtseq7,s151,NA,NA
21-0168,BFAL_Plate8,H07,GTseq_i7_i08,TCAAGT,Tag_TTATGA,TTATGA,BFAL,gtseq7,s152,NA,NA
21-0183,BFAL_Plate8,A08,GTseq_i7_i08,TCAAGT,Tag_ACAAGA,ACAAGA,BFAL,gtseq7,s153,NA,NA
21-0184,BFAL_Plate8,B08,GTseq_i7_i08,TCAAGT,Tag_AGTTAA,AGTTAA,BFAL,gtseq7,s154,NA,NA
21-0185,BFAL_Plate8,C08,GTseq_i7_i08,TCAAGT,Tag_CCCGGT,CCCGGT,BFAL,gtseq7,s155,NA,NA
21-0186,BFAL_Plate8,D08,GTseq_i7_i08,TCAAGT,Tag_CTCGCC,CTCGCC,BFAL,gtseq7,s156,NA,NA
21-0187,BFAL_Plate8,E08,GTseq_i7_i08,TCAAGT,Tag_GCATGG,GCATGG,BFAL,gtseq7,s157,NA,NA
21-0188,BFAL_Plate8,F08,GTseq_i7_i08,TCAAGT,Tag_GTATCC,GTATCC,BFAL,gtseq7,s158,NA,NA
21-0189,BFAL_Plate8,G08,GTseq_i7_i08,TCAAGT,Tag_TCCTGC,TCCTGC,BFAL,gtseq7,s159,NA,NA
21-0190,BFAL_Plate8,H08,GTseq_i7_i08,TCAAGT,Tag_TTCCGT,TTCCGT,BFAL,gtseq7,s160,NA,NA
21-0191,BFAL_Plate8,A09,GTseq_i7_i08,TCAAGT,Tag_ACAGCG,ACAGCG,BFAL,gtseq7,s161,NA,NA
21-0192,BFAL_Plate8,B09,GTseq_i7_i08,TCAAGT,Tag_ATAGTA,ATAGTA,BFAL,gtseq7,s162,NA,NA
21-0193,BFAL_Plate8,C09,GTseq_i7_i08,TCAAGT,Tag_CCCTAA,CCCTAA,BFAL,gtseq7,s163,NA,NA
21-0194,BFAL_Plate8,D09,GTseq_i7_i08,TCAAGT,Tag_CTGCGA,CTGCGA,BFAL,gtseq7,s164,NA,NA
21-0195,BFAL_Plate8,E09,GTseq_i7_i08,TCAAGT,Tag_GCCGTA,GCCGTA,BFAL,gtseq7,s165,NA,NA
21-0243,BFAL_Plate8,F09,GTseq_i7_i08,TCAAGT,Tag_GTCATC,GTCATC,BFAL,gtseq7,s166,NA,NA
21-0247,BFAL_Plate8,G09,GTseq_i7_i08,TCAAGT,Tag_TCGATT,TCGATT,BFAL,gtseq7,s167,NA,NA
21-0248,BFAL_Plate8,H09,GTseq_i7_i08,TCAAGT,Tag_TTCTAG,TTCTAG,BFAL,gtseq7,s168,NA,NA
21-0249,BFAL_Plate8,A10,GTseq_i7_i08,TCAAGT,Tag_ACATAC,ACATAC,BFAL,gtseq7,s169,NA,NA
21-0250,BFAL_Plate8,B10,GTseq_i7_i08,TCAAGT,Tag_ATCAAA,ATCAAA,BFAL,gtseq7,s170,NA,NA
21-0251,BFAL_Plate8,C10,GTseq_i7_i08,TCAAGT,Tag_CCGAGG,CCGAGG,BFAL,gtseq7,s171,NA,NA
21-0253,BFAL_Plate8,D10,GTseq_i7_i08,TCAAGT,Tag_CTGGTT,CTGGTT,BFAL,gtseq7,s172,NA,NA
21-0285,BFAL_Plate8,E10,GTseq_i7_i08,TCAAGT,Tag_GCGACC,GCGACC,BFAL,gtseq7,s173,NA,NA
21-0273,BFAL_Plate8,F10,GTseq_i7_i08,TCAAGT,Tag_GTGCCT,GTGCCT,BFAL,gtseq7,s174,NA,NA
21-0274,BFAL_Plate8,G10,GTseq_i7_i08,TCAAGT,Tag_TCGCCA,TCGCCA,BFAL,gtseq7,s175,NA,NA
21-0275,BFAL_Plate8,H10,GTseq_i7_i08,TCAAGT,Tag_TTGAGC,TTGAGC,BFAL,gtseq7,s176,NA,NA
21-0276,BFAL_Plate8,A11,GTseq_i7_i08,TCAAGT,Tag_ACCATG,ACCATG,BFAL,gtseq7,s177,NA,NA
21-0277,BFAL_Plate8,B11,GTseq_i7_i08,TCAAGT,Tag_ATGCAC,ATGCAC,BFAL,gtseq7,s178,NA,NA
21-0278,BFAL_Plate8,C11,GTseq_i7_i08,TCAAGT,Tag_CCGCAT,CCGCAT,BFAL,gtseq7,s179,NA,NA
21-0279,BFAL_Plate8,D11,GTseq_i7_i08,TCAAGT,Tag_CTTATG,CTTATG,BFAL,gtseq7,s180,NA,NA
21-0280,BFAL_Plate8,E11,GTseq_i7_i08,TCAAGT,Tag_GCGCTG,GCGCTG,BFAL,gtseq7,s181,NA,NA
21-0281,BFAL_Plate8,F11,GTseq_i7_i08,TCAAGT,Tag_GTGTAA,GTGTAA,BFAL,gtseq7,s182,NA,NA
21-0282,BFAL_Plate8,G11,GTseq_i7_i08,TCAAGT,Tag_TCGGAC,TCGGAC,BFAL,gtseq7,s183,NA,NA
21-0283,BFAL_Plate8,H11,GTseq_i7_i08,TCAAGT,Tag_TTTAAT,TTTAAT,BFAL,gtseq7,s184,NA,NA
21-0284,BFAL_Plate8,A12,GTseq_i7_i08,TCAAGT,Tag_ACCCCC,ACCCCC,BFAL,gtseq7,s185,NA,NA
21-0286,BFAL_Plate8,B12,GTseq_i7_i08,TCAAGT,Tag_ATGTTG,ATGTTG,BFAL,gtseq7,s186,NA,NA
21-0288,BFAL_Plate8,C12,GTseq_i7_i08,TCAAGT,Tag_CCTAAC,CCTAAC,BFAL,gtseq7,s187,NA,NA
21-0289,BFAL_Plate8,D12,GTseq_i7_i08,TCAAGT,Tag_CTTTGC,CTTTGC,BFAL,gtseq7,s188,NA,NA
21-0290,BFAL_Plate8,E12,GTseq_i7_i08,TCAAGT,Tag_GCTCAA,GCTCAA,BFAL,gtseq7,s189,NA,NA
21-0314,BFAL_Plate8,F12,GTseq_i7_i08,TCAAGT,Tag_GTTGGA,GTTGGA,BFAL,gtseq7,s190,NA,NA
21-0315,BFAL_Plate8,G12,GTseq_i7_i08,TCAAGT,Tag_TCTCGG,TCTCGG,BFAL,gtseq7,s191,NA,NA
21-0316,BFAL_Plate8,H12,GTseq_i7_i08,TCAAGT,Tag_TTTGTC,TTTGTC,BFAL,gtseq7,s192,NA,NA
21-0318,BFAL_Plate9,A01,GTseq_i7_i09,CTGATC,Tag_AAACGG,AAACGG,BFAL,gtseq7,s193,NA,NA
21-0319,BFAL_Plate9,B01,GTseq_i7_i09,CTGATC,Tag_ACTCTT,ACTCTT,BFAL,gtseq7,s194,NA,NA
12-0369,BFAL_Plate9,C01,GTseq_i7_i09,CTGATC,Tag_ATTCCG,ATTCCG,BFAL,gtseq7,s195,NA,NA
13-1198,BFAL_Plate9,D01,GTseq_i7_i09,CTGATC,Tag_CGAGGC,CGAGGC,BFAL,gtseq7,s196,NA,NA
14-0454,BFAL_Plate9,E01,GTseq_i7_i09,CTGATC,Tag_GAAATG,GAAATG,BFAL,gtseq7,s197,NA,NA
15-0418,BFAL_Plate9,F01,GTseq_i7_i09,CTGATC,Tag_GGACTT,GGACTT,BFAL,gtseq7,s198,NA,NA
12-0155,BFAL_Plate9,G01,GTseq_i7_i09,CTGATC,Tag_TAAGCT,TAAGCT,BFAL,gtseq7,s199,NA,NA
13-0991,BFAL_Plate9,H01,GTseq_i7_i09,CTGATC,Tag_TCTTCT,TCTTCT,BFAL,gtseq7,s200,NA,NA
13-0996,BFAL_Plate9,A02,GTseq_i7_i09,CTGATC,Tag_AACGTT,AACGTT,BFAL,gtseq7,s201,NA,NA
13-1187,BFAL_Plate9,B02,GTseq_i7_i09,CTGATC,Tag_ACTGGC,ACTGGC,BFAL,gtseq7,s202,NA,NA
14-0456,BFAL_Plate9,C02,GTseq_i7_i09,CTGATC,Tag_CAAAAA,CAAAAA,BFAL,gtseq7,s203,NA,NA
16-0373,BFAL_Plate9,D02,GTseq_i7_i09,CTGATC,Tag_CGCAGA,CGCAGA,BFAL,gtseq7,s204,Laysan,TRUE
16-0400,BFAL_Plate9,E02,GTseq_i7_i09,CTGATC,Tag_GAACCA,GAACCA,BFAL,gtseq7,s205,Lehua,TRUE
16-0401,BFAL_Plate9,F02,GTseq_i7_i09,CTGATC,Tag_GGCAAG,GGCAAG,BFAL,gtseq7,s206,Lehua,TRUE
17-0268,BFAL_Plate9,G02,GTseq_i7_i09,CTGATC,Tag_TAATTC,TAATTC,BFAL,gtseq7,s207,NA,NA
17-0295,BFAL_Plate9,H02,GTseq_i7_i09,CTGATC,Tag_TGAACC,TGAACC,BFAL,gtseq7,s208,Tern,TRUE
17-0312,BFAL_Plate9,A03,GTseq_i7_i09,CTGATC,Tag_AACTGA,AACTGA,BFAL,gtseq7,s209,NA,NA
17-0319,BFAL_Plate9,B03,GTseq_i7_i09,CTGATC,Tag_AGCCAT,AGCCAT,BFAL,gtseq7,s210,Tern,TRUE
17-0341,BFAL_Plate9,C03,GTseq_i7_i09,CTGATC,Tag_CAATCG,CAATCG,BFAL,gtseq7,s211,Tern,TRUE
17-0437,BFAL_Plate9,D03,GTseq_i7_i09,CTGATC,Tag_CGCGTG,CGCGTG,BFAL,gtseq7,s212,Tern,TRUE
18-0049,BFAL_Plate9,E03,GTseq_i7_i09,CTGATC,Tag_GACGAC,GACGAC,BFAL,gtseq7,s213,NA,NA
18-0052,BFAL_Plate9,F03,GTseq_i7_i09,CTGATC,Tag_GGGCGC,GGGCGC,BFAL,gtseq7,s214,NA,NA
18-0486,BFAL_Plate9,G03,GTseq_i7_i09,CTGATC,Tag_TACACA,TACACA,BFAL,gtseq7,s215,NA,NA
18-0489,BFAL_Plate9,H03,GTseq_i7_i09,CTGATC,Tag_TGACAA,TGACAA,BFAL,gtseq7,s216,NA,NA
19-0669,BFAL_Plate9,A04,GTseq_i7_i09,CTGATC,Tag_AAGACG,AAGACG,BFAL,gtseq7,s217,Laysan,TRUE
19-0676,BFAL_Plate9,B04,GTseq_i7_i09,CTGATC,Tag_AGCGCA,AGCGCA,BFAL,gtseq7,s218,Tern,TRUE
19-0693,BFAL_Plate9,C04,GTseq_i7_i09,CTGATC,Tag_CACCTC,CACCTC,BFAL,gtseq7,s219,Tern,TRUE
19-0695,BFAL_Plate9,D04,GTseq_i7_i09,CTGATC,Tag_CGGTCC,CGGTCC,BFAL,gtseq7,s220,Tern,TRUE
19-0728,BFAL_Plate9,E04,GTseq_i7_i09,CTGATC,Tag_GACTCT,GACTCT,BFAL,gtseq7,s221,Tern,TRUE
19-0729,BFAL_Plate9,F04,GTseq_i7_i09,CTGATC,Tag_GGGGCG,GGGGCG,BFAL,gtseq7,s222,Tern,TRUE
20-0024,BFAL_Plate9,G04,GTseq_i7_i09,CTGATC,Tag_TACGGG,TACGGG,BFAL,gtseq7,s223,Tern,TRUE
12-0271,BFAL_Plate9,H04,GTseq_i7_i09,CTGATC,Tag_TGCCCG,TGCCCG,BFAL,gtseq7,s224,Whale-Skate,TRUE
12-0371,BFAL_Plate9,A05,GTseq_i7_i09,CTGATC,Tag_AAGCTA,AAGCTA,BFAL,gtseq7,s225,Whale-Skate,TRUE
20-0025,BFAL_Plate9,B05,GTseq_i7_i09,CTGATC,Tag_AGGGTC,AGGGTC,BFAL,gtseq7,s226,Tern,TRUE
12-0372,BFAL_Plate9,C05,GTseq_i7_i09,CTGATC,Tag_CAGGCA,CAGGCA,BFAL,gtseq7,s227,Whale-Skate,TRUE
20-0087,BFAL_Plate9,D05,GTseq_i7_i09,CTGATC,Tag_CGTCTA,CGTCTA,BFAL,gtseq7,s228,Tern,TRUE
20-0133,BFAL_Plate9,E05,GTseq_i7_i09,CTGATC,Tag_GAGAGA,GAGAGA,BFAL,gtseq7,s229,Tern,TRUE
15-0131,BFAL_Plate9,F05,GTseq_i7_i09,CTGATC,Tag_GGTACA,GGTACA,BFAL,gtseq7,s230,Laysan,TRUE
20-0147,BFAL_Plate9,G05,GTseq_i7_i09,CTGATC,Tag_TAGTAT,TAGTAT,BFAL,gtseq7,s231,Tern,TRUE
20-0243,BFAL_Plate9,H05,GTseq_i7_i09,CTGATC,Tag_TGCTTA,TGCTTA,BFAL,gtseq7,s232,Tern,TRUE
15-0133,BFAL_Plate9,A06,GTseq_i7_i09,CTGATC,Tag_AATATC,AATATC,BFAL,gtseq7,s233,Tern,TRUE
20-0244,BFAL_Plate9,B06,GTseq_i7_i09,CTGATC,Tag_AGGTGT,AGGTGT,BFAL,gtseq7,s234,Kure,TRUE
20-0316,BFAL_Plate9,C06,GTseq_i7_i09,CTGATC,Tag_CATACT,CATACT,BFAL,gtseq7,s235,Tern,TRUE
15-0465,BFAL_Plate9,D06,GTseq_i7_i09,CTGATC,Tag_CGTGAT,CGTGAT,BFAL,gtseq7,s236,Laysan,TRUE
20-0499,BFAL_Plate9,F06,GTseq_i7_i09,CTGATC,Tag_GGTTTG,GGTTTG,BFAL,gtseq7,s238,Tern,TRUE
15-0473,BFAL_Plate9,G06,GTseq_i7_i09,CTGATC,Tag_TATCAC,TATCAC,BFAL,gtseq7,s239,Tern,TRUE
15-0474,BFAL_Plate9,H06,GTseq_i7_i09,CTGATC,Tag_TGGGGA,TGGGGA,BFAL,gtseq7,s240,Tern,TRUE
15-0476,BFAL_Plate9,A07,GTseq_i7_i09,CTGATC,Tag_AATGAG,AATGAG,BFAL,gtseq7,s241,Tern,TRUE
15-0489,BFAL_Plate9,B07,GTseq_i7_i09,CTGATC,Tag_AGTAGG,AGTAGG,BFAL,gtseq7,s242,Tern,TRUE
15-0492,BFAL_Plate9,C07,GTseq_i7_i09,CTGATC,Tag_CCATTT,CCATTT,BFAL,gtseq7,s243,Tern,TRUE
20-0501,BFAL_Plate9,D07,GTseq_i7_i09,CTGATC,Tag_CTACAG,CTACAG,BFAL,gtseq7,s244,Tern,TRUE
21-0048,BFAL_Plate9,E07,GTseq_i7_i09,CTGATC,Tag_GCAGAT,GCAGAT,BFAL,gtseq7,s245,Tern,TRUE
21-0071,BFAL_Plate9,F07,GTseq_i7_i09,CTGATC,Tag_GTAAGT,GTAAGT,BFAL,gtseq7,s246,Laysan,TRUE
21-0100,BFAL_Plate9,G07,GTseq_i7_i09,CTGATC,Tag_TCAAAG,TCAAAG,BFAL,gtseq7,s247,Tern,TRUE
21-0101,BFAL_Plate9,H07,GTseq_i7_i09,CTGATC,Tag_TTATGA,TTATGA,BFAL,gtseq7,s248,Tern,TRUE
22-0305,BFAL_Plate9,A08,GTseq_i7_i09,CTGATC,Tag_ACAAGA,ACAAGA,BFAL,gtseq7,s249,NA,NA
22-0426,BFAL_Plate9,B08,GTseq_i7_i09,CTGATC,Tag_AGTTAA,AGTTAA,BFAL,gtseq7,s250,NA,NA
22-0427,BFAL_Plate9,C08,GTseq_i7_i09,CTGATC,Tag_CCCGGT,CCCGGT,BFAL,gtseq7,s251,NA,NA
22-0429,BFAL_Plate9,D08,GTseq_i7_i09,CTGATC,Tag_CTCGCC,CTCGCC,BFAL,gtseq7,s252,NA,NA
22-0431,BFAL_Plate9,E08,GTseq_i7_i09,CTGATC,Tag_GCATGG,GCATGG,BFAL,gtseq7,s253,NA,NA
22-0432,BFAL_Plate9,F08,GTseq_i7_i09,CTGATC,Tag_GTATCC,GTATCC,BFAL,gtseq7,s254,NA,NA
22-0433,BFAL_Plate9,G08,GTseq_i7_i09,CTGATC,Tag_TCCTGC,TCCTGC,BFAL,gtseq7,s255,NA,NA
22-0437,BFAL_Plate9,H08,GTseq_i7_i09,CTGATC,Tag_TTCCGT,TTCCGT,BFAL,gtseq7,s256,NA,NA
22-0438,BFAL_Plate9,A09,GTseq_i7_i09,CTGATC,Tag_ACAGCG,ACAGCG,BFAL,gtseq7,s257,NA,NA
22-0440,BFAL_Plate9,B09,GTseq_i7_i09,CTGATC,Tag_ATAGTA,ATAGTA,BFAL,gtseq7,s258,NA,NA
22-0441,BFAL_Plate9,C09,GTseq_i7_i09,CTGATC,Tag_CCCTAA,CCCTAA,BFAL,gtseq7,s259,NA,NA
22-0389,BFAL_Plate9,D09,GTseq_i7_i09,CTGATC,Tag_CTGCGA,CTGCGA,BFAL,gtseq7,s260,NA,NA
22-0390,BFAL_Plate9,E09,GTseq_i7_i09,CTGATC,Tag_GCCGTA,GCCGTA,BFAL,gtseq7,s261,NA,NA
22-0392,BFAL_Plate9,F09,GTseq_i7_i09,CTGATC,Tag_GTCATC,GTCATC,BFAL,gtseq7,s262,NA,NA
22-0393,BFAL_Plate9,G09,GTseq_i7_i09,CTGATC,Tag_TCGATT,TCGATT,BFAL,gtseq7,s263,NA,NA
22-0394,BFAL_Plate9,H09,GTseq_i7_i09,CTGATC,Tag_TTCTAG,TTCTAG,BFAL,gtseq7,s264,NA,NA
22-0399,BFAL_Plate9,A10,GTseq_i7_i09,CTGATC,Tag_ACATAC,ACATAC,BFAL,gtseq7,s265,NA,NA
22-0359,BFAL_Plate9,B10,GTseq_i7_i09,CTGATC,Tag_ATCAAA,ATCAAA,BFAL,gtseq7,s266,NA,NA
22-0361,BFAL_Plate9,C10,GTseq_i7_i09,CTGATC,Tag_CCGAGG,CCGAGG,BFAL,gtseq7,s267,NA,NA
22-0362,BFAL_Plate9,D10,GTseq_i7_i09,CTGATC,Tag_CTGGTT,CTGGTT,BFAL,gtseq7,s268,NA,NA
22-0363,BFAL_Plate9,E10,GTseq_i7_i09,CTGATC,Tag_GCGACC,GCGACC,BFAL,gtseq7,s269,NA,NA
22-0366,BFAL_Plate9,F10,GTseq_i7_i09,CTGATC,Tag_GTGCCT,GTGCCT,BFAL,gtseq7,s270,NA,NA
22-0367,BFAL_Plate9,G10,GTseq_i7_i09,CTGATC,Tag_TCGCCA,TCGCCA,BFAL,gtseq7,s271,NA,NA
22-0368,BFAL_Plate9,H10,GTseq_i7_i09,CTGATC,Tag_TTGAGC,TTGAGC,BFAL,gtseq7,s272,NA,NA
22-0370,BFAL_Plate9,A11,GTseq_i7_i09,CTGATC,Tag_ACCATG,ACCATG,BFAL,gtseq7,s273,NA,NA
22-0371,BFAL_Plate9,B11,GTseq_i7_i09,CTGATC,Tag_ATGCAC,ATGCAC,BFAL,gtseq7,s274,NA,NA
22-0386,BFAL_Plate9,C11,GTseq_i7_i09,CTGATC,Tag_CCGCAT,CCGCAT,BFAL,gtseq7,s275,NA,NA
22-0388,BFAL_Plate9,D11,GTseq_i7_i09,CTGATC,Tag_CTTATG,CTTATG,BFAL,gtseq7,s276,NA,NA
22-0311,BFAL_Plate9,E11,GTseq_i7_i09,CTGATC,Tag_GCGCTG,GCGCTG,BFAL,gtseq7,s277,NA,NA
22-0313,BFAL_Plate9,F11,GTseq_i7_i09,CTGATC,Tag_GTGTAA,GTGTAA,BFAL,gtseq7,s278,NA,NA
22-0314,BFAL_Plate9,G11,GTseq_i7_i09,CTGATC,Tag_TCGGAC,TCGGAC,BFAL,gtseq7,s279,NA,NA
22-0326,BFAL_Plate9,H11,GTseq_i7_i09,CTGATC,Tag_TTTAAT,TTTAAT,BFAL,gtseq7,s280,NA,NA
22-0327,BFAL_Plate9,A12,GTseq_i7_i09,CTGATC,Tag_ACCCCC,ACCCCC,BFAL,gtseq7,s281,NA,NA
22-0328,BFAL_Plate9,B12,GTseq_i7_i09,CTGATC,Tag_ATGTTG,ATGTTG,BFAL,gtseq7,s282,NA,NA
22-0329,BFAL_Plate9,C12,GTseq_i7_i09,CTGATC,Tag_CCTAAC,CCTAAC,BFAL,gtseq7,s283,NA,NA
22-0330,BFAL_Plate9,D12,GTseq_i7_i09,CTGATC,Tag_CTTTGC,CTTTGC,BFAL,gtseq7,s284,NA,NA
22-0334,BFAL_Plate9,E12,GTseq_i7_i09,CTGATC,Tag_GCTCAA,GCTCAA,BFAL,gtseq7,s285,NA,NA
22-0335,BFAL_Plate9,F12,GTseq_i7_i09,CTGATC,Tag_GTTGGA,GTTGGA,BFAL,gtseq7,s286,NA,NA
22-0345,BFAL_Plate9,G12,GTseq_i7_i09,CTGATC,Tag_TCTCGG,TCTCGG,BFAL,gtseq7,s287,NA,NA
